Compose;ID_Pretraitement;Code_R_Pretraitement;Meilleurs_Hyperparam_RF;Rc;R2cv;RMSEC;RMSECV
aT;1;list('adj',''), list('snv',''), list('sder',c(1,3,5));{'n_estimators': 200, 'min_samples_split': 5, 'min_samples_leaf': 2, 'max_features': 'sqrt', 'max_depth': 10};0.9482;0.2225;37.3268;73.3519
aT;2;list('adj',''), list('snv',''), list('sder',c(2,3,15));{'n_estimators': 100, 'min_samples_split': 10, 'min_samples_leaf': 4, 'max_features': 'log2', 'max_depth': None};0.8963;0.1983;50.3134;74.4862
aT;3;list('adj',''), list('red',c(1,1300,1));{'n_estimators': 200, 'min_samples_split': 2, 'min_samples_leaf': 2, 'max_features': 0.3, 'max_depth': 20};0.9257;0.1258;39.2698;77.7807
aT;4;list('adj',''),list('red',c(950,700,1)),list('snv','');{'n_estimators': 200, 'min_samples_split': 10, 'min_samples_leaf': 4, 'max_features': 'log2', 'max_depth': 20};0.8018;0.0782;55.8904;79.8678
aT;5;list('adj',''),list('red',c(950,750,1)),list('snv','');{'n_estimators': 200, 'min_samples_split': 10, 'min_samples_leaf': 4, 'max_features': 'sqrt', 'max_depth': 10};0.8153;0.0606;54.0217;80.6289
aT;6;list('adj',''), list('red',c(1,1000,1)), list('snv','');{'n_estimators': 100, 'min_samples_split': 5, 'min_samples_leaf': 4, 'max_features': 0.3, 'max_depth': 20};0.85;0.0615;51.9981;80.591
aT;7;list('adj',''), list('red',c(1,1300,1)), list('snv','');{'n_estimators': 100, 'min_samples_split': 5, 'min_samples_leaf': 4, 'max_features': 0.3, 'max_depth': 20};0.8343;0.0428;53.8034;81.3894
aT;8;list('adj',''), list('red',c(1,1200,1)), list('snv',''), list('sder',c(2,3,15));{'n_estimators': 200, 'min_samples_split': 10, 'min_samples_leaf': 4, 'max_features': 'sqrt', 'max_depth': 10};0.9142;0.1909;48.2142;74.8271
aT;9;list('adj',''), list('red',c(1,1300,1)), list('snv',''), list('sder',c(0, 2, 9));{'n_estimators': 100, 'min_samples_split': 2, 'min_samples_leaf': 4, 'max_features': 0.3, 'max_depth': 10};0.8397;0.0453;53.5644;81.2823
aT;10;list('adj',''), list('red',c(1,1300,1)), list('snv',''), list('sder',c(0, 2, 15));{'n_estimators': 100, 'min_samples_split': 2, 'min_samples_leaf': 4, 'max_features': 0.3, 'max_depth': 10};0.833;0.0386;54.2186;81.5676
aT;11;list('adj',''), list('red',c(1,1300,1)), list('snv',''), list('sder',c(0, 2, 21));{'n_estimators': 100, 'min_samples_split': 5, 'min_samples_leaf': 4, 'max_features': 0.3, 'max_depth': 20};0.8366;0.0378;54.0837;81.5999
aT;12;list('adj',''), list('red',c(1,1300,1)), list('snv',''), list('sder',c(0, 2, 31));{'n_estimators': 500, 'min_samples_split': 10, 'min_samples_leaf': 4, 'max_features': 0.3, 'max_depth': None};0.8143;0.0291;55.4924;81.968
aT;13;list('adj',''), list('red',c(1,1300,1)), list('snv',''), list('sder',c(0, 3, 15));{'n_estimators': 100, 'min_samples_split': 2, 'min_samples_leaf': 4, 'max_features': 0.3, 'max_depth': 10};0.8332;0.038;54.1742;81.5909
aT;14;list('adj',''), list('red',c(1,1300,1)), list('snv',''), list('sder',c(0, 3, 21));{'n_estimators': 100, 'min_samples_split': 5, 'min_samples_leaf': 4, 'max_features': 0.3, 'max_depth': 20};0.837;0.0354;54.0979;81.7036
aT;15;list('adj',''), list('red',c(1,1300,1)), list('snv',''), list('sder',c(0, 3, 25));{'n_estimators': 500, 'min_samples_split': 10, 'min_samples_leaf': 4, 'max_features': 0.3, 'max_depth': None};0.8144;0.0447;55.4539;81.3082
aT;16;list('adj',''), list('red',c(1,1300,1)), list('snv',''), list('sder',c(0, 3, 31));{'n_estimators': 500, 'min_samples_split': 10, 'min_samples_leaf': 4, 'max_features': 0.3, 'max_depth': None};0.814;0.0301;55.5387;81.9276
aT;17;list('adj',''), list('red',c(1,1300,1)), list('snv',''), list('sder',c(1, 2, 5));{'n_estimators': 200, 'min_samples_split': 10, 'min_samples_leaf': 4, 'max_features': 'sqrt', 'max_depth': 10};0.8918;0.1364;50.8053;77.3089
aT;18;list('adj',''), list('red',c(1,1300,1)), list('snv',''), list('sder',c(1, 2, 9));{'n_estimators': 500, 'min_samples_split': 2, 'min_samples_leaf': 2, 'max_features': 'sqrt', 'max_depth': None};0.9681;0.159;34.7217;76.2893
aT;19;list('adj',''), list('red',c(1,1300,1)), list('snv',''), list('sder',c(1, 2, 11));{'n_estimators': 200, 'min_samples_split': 5, 'min_samples_leaf': 2, 'max_features': 'sqrt', 'max_depth': 10};0.9509;0.1491;38.3544;76.7346
aT;20;list('adj',''), list('red',c(1,1300,1)), list('snv',''), list('sder',c(1, 2, 15));{'n_estimators': 200, 'min_samples_split': 5, 'min_samples_leaf': 2, 'max_features': 'sqrt', 'max_depth': 10};0.9399;0.1341;40.4138;77.4084
aT;21;list('adj',''), list('red',c(1,1300,1)), list('snv',''), list('sder',c(1, 2, 21));{'n_estimators': 100, 'min_samples_split': 2, 'min_samples_leaf': 1, 'max_features': 'sqrt', 'max_depth': 20};0.9743;0.121;31.2757;77.9936
aT;22;list('adj',''), list('red',c(1,1300,1)), list('snv',''), list('sder',c(1, 2, 25));{'n_estimators': 500, 'min_samples_split': 5, 'min_samples_leaf': 4, 'max_features': 'log2', 'max_depth': None};0.875;0.1166;51.4471;78.1893
aT;23;list('adj',''), list('red',c(1,1300,1)), list('snv',''), list('sder',c(1, 2, 31));{'n_estimators': 500, 'min_samples_split': 5, 'min_samples_leaf': 4, 'max_features': 'log2', 'max_depth': None};0.8679;0.1199;52.0006;78.0419
aT;24;list('adj',''), list('red',c(1,1300,1)), list('snv',''), list('sder',c(1, 2, 35));{'n_estimators': 500, 'min_samples_split': 5, 'min_samples_leaf': 4, 'max_features': 'log2', 'max_depth': None};0.8676;0.1088;51.8828;78.5322
aT;25;list('adj',''), list('red',c(1,1300,1)), list('snv',''), list('sder',c(1, 3, 5));{'n_estimators': 200, 'min_samples_split': 5, 'min_samples_leaf': 2, 'max_features': 'sqrt', 'max_depth': 10};0.9539;0.1531;38.3422;76.5559
aT;26;list('adj',''), list('red',c(1,1300,1)), list('snv',''), list('sder',c(1, 3, 9));{'n_estimators': 500, 'min_samples_split': 5, 'min_samples_leaf': 4, 'max_features': 'sqrt', 'max_depth': None};0.9139;0.134;47.2555;77.4136
aT;27;list('adj',''), list('red',c(1,1300,1)), list('snv',''), list('sder',c(1, 3, 11));{'n_estimators': 500, 'min_samples_split': 2, 'min_samples_leaf': 2, 'max_features': 'sqrt', 'max_depth': None};0.9694;0.1499;35.2313;76.7023
aT;28;list('adj',''), list('red',c(1,1300,1)), list('snv',''), list('sder',c(1, 3, 15));{'n_estimators': 100, 'min_samples_split': 2, 'min_samples_leaf': 1, 'max_features': 'sqrt', 'max_depth': 20};0.9739;0.1732;30.9965;75.6424
aT;29;list('adj',''), list('red',c(1,1300,1)), list('snv',''), list('sder',c(1, 3, 21));{'n_estimators': 200, 'min_samples_split': 10, 'min_samples_leaf': 4, 'max_features': 'sqrt', 'max_depth': 10};0.8853;0.1445;50.6826;76.9452
aT;30;list('adj',''), list('red',c(1,1300,1)), list('snv',''), list('sder',c(1, 3, 25));{'n_estimators': 100, 'min_samples_split': 10, 'min_samples_leaf': 4, 'max_features': 'sqrt', 'max_depth': 10};0.8752;0.1373;51.1775;77.2692
aT;31;list('adj',''), list('red',c(1,1300,1)), list('snv',''), list('sder',c(1, 3, 31));{'n_estimators': 200, 'min_samples_split': 5, 'min_samples_leaf': 2, 'max_features': 'log2', 'max_depth': 10};0.94;0.11;41.7943;78.4816
aT;32;list('adj',''), list('red',c(1,1300,1)), list('snv',''), list('sder',c(1, 3, 35));{'n_estimators': 200, 'min_samples_split': 5, 'min_samples_leaf': 2, 'max_features': 'log2', 'max_depth': None};0.9423;0.1352;40.8278;77.3607
aT;33;list('adj',''), list('red',c(1,1300,1)), list('snv',''), list('sder',c(2, 2, 9));{'n_estimators': 100, 'min_samples_split': 2, 'min_samples_leaf': 4, 'max_features': 0.3, 'max_depth': 10};0.9164;0.1868;42.9962;75.0192
aT;34;list('adj',''), list('red',c(1,1300,1)), list('snv',''), list('sder',c(2, 2, 11));{'n_estimators': 500, 'min_samples_split': 2, 'min_samples_leaf': 2, 'max_features': 'sqrt', 'max_depth': None};0.9692;0.1865;33.9123;75.0312
aT;35;list('adj',''), list('red',c(1,1300,1)), list('snv',''), list('sder',c(2, 2, 15));{'n_estimators': 200, 'min_samples_split': 5, 'min_samples_leaf': 2, 'max_features': 'sqrt', 'max_depth': 10};0.9645;0.1986;37.0013;74.4709
aT;36;list('adj',''), list('red',c(1,1300,1)), list('snv',''), list('sder',c(2, 2, 21));{'n_estimators': 500, 'min_samples_split': 2, 'min_samples_leaf': 2, 'max_features': 'sqrt', 'max_depth': None};0.9749;0.1895;33.8052;74.895
aT;37;list('adj',''), list('red',c(1,1300,1)), list('snv',''), list('sder',c(2, 2, 25));{'n_estimators': 100, 'min_samples_split': 10, 'min_samples_leaf': 4, 'max_features': 'sqrt', 'max_depth': 10};0.9198;0.1796;47.7554;75.3479
aT;38;list('adj',''), list('red',c(1,1300,1)), list('snv',''), list('sder',c(2, 2, 31));{'n_estimators': 500, 'min_samples_split': 2, 'min_samples_leaf': 2, 'max_features': 'sqrt', 'max_depth': None};0.9763;0.1782;34.0165;75.4151
aT;39;list('adj',''), list('red',c(1,1300,1)), list('snv',''), list('sder',c(2, 2, 35));{'n_estimators': 500, 'min_samples_split': 2, 'min_samples_leaf': 2, 'max_features': 'sqrt', 'max_depth': None};0.9763;0.1929;33.5156;74.735
aT;40;list('adj',''), list('red',c(1,1300,1)), list('snv',''), list('sder',c(2, 3, 9));{'n_estimators': 100, 'min_samples_split': 2, 'min_samples_leaf': 4, 'max_features': 0.3, 'max_depth': 10};0.9159;0.1839;43.042;75.1531
aT;41;list('adj',''), list('red',c(1,1300,1)), list('snv',''), list('sder',c(2, 3, 11));{'n_estimators': 500, 'min_samples_split': 2, 'min_samples_leaf': 2, 'max_features': 'sqrt', 'max_depth': None};0.9695;0.1848;33.9653;75.1077
aT;42;list('adj',''), list('red',c(1,1300,1)), list('snv',''), list('sder',c(2, 3, 15));{'n_estimators': 200, 'min_samples_split': 5, 'min_samples_leaf': 2, 'max_features': 'sqrt', 'max_depth': 10};0.9639;0.1989;37.1078;74.4583
aT;43;list('adj',''), list('red',c(1,1300,1)), list('snv',''), list('sder',c(2, 3, 21));{'n_estimators': 200, 'min_samples_split': 5, 'min_samples_leaf': 2, 'max_features': 'sqrt', 'max_depth': 10};0.9653;0.1853;36.5382;75.0846
aT;44;list('adj',''), list('red',c(1,1300,1)), list('snv',''), list('sder',c(2, 3, 25));{'n_estimators': 100, 'min_samples_split': 10, 'min_samples_leaf': 4, 'max_features': 'sqrt', 'max_depth': 10};0.9215;0.1748;47.8529;75.568
aT;45;list('adj',''), list('red',c(1,1300,1)), list('snv',''), list('sder',c(2, 3, 31));{'n_estimators': 500, 'min_samples_split': 2, 'min_samples_leaf': 2, 'max_features': 'sqrt', 'max_depth': None};0.977;0.1798;33.8273;75.3389
aT;46;list('adj',''), list('red',c(1,1300,1)), list('snv',''), list('sder',c(2, 3, 35));{'n_estimators': 500, 'min_samples_split': 2, 'min_samples_leaf': 2, 'max_features': 'sqrt', 'max_depth': None};0.9765;0.1912;33.5786;74.8141
aT;47;list('adj',''), list('red',c(1,1400,1)), list('snv',''), list('sder',c(2,3,15));{'n_estimators': 200, 'min_samples_split': 5, 'min_samples_leaf': 2, 'max_features': 'sqrt', 'max_depth': 10};0.9654;0.194;36.885;74.6857
aT;48;list('adj',''),list('red',c(40,1300,1)),list('snv',''),list('sder',c(2,3,15));{'n_estimators': 500, 'min_samples_split': 2, 'min_samples_leaf': 2, 'max_features': 'sqrt', 'max_depth': None};0.9753;0.187;33.9255;75.0082
aT;49;list('adj',''), list('red',c(800,750,1)), list('snv',''), list('sder',c(2,3,15));{'n_estimators': 200, 'min_samples_split': 5, 'min_samples_leaf': 2, 'max_features': 'log2', 'max_depth': None};0.9328;0.1828;41.5584;75.2011
aT;50;list('adj',''), list('red',c(800,1100,1)), list('snv',''), list('sder',c(1,3,11));{'n_estimators': 300, 'min_samples_split': 2, 'min_samples_leaf': 2, 'max_features': 0.3, 'max_depth': None};0.948;0.2503;34.0207;72.0276
aT;51;list('adj',''), list('red',c(800,1100,1)), list('snv',''), list('sder',c(1,3,15));{'n_estimators': 100, 'min_samples_split': 10, 'min_samples_leaf': 2, 'max_features': 'log2', 'max_depth': 10};0.8673;0.2386;48.9453;72.5875
aT;52;list('adj',''), list('red',c(800,1100,1)), list('snv',''), list('sder',c(2,3,15));{'n_estimators': 200, 'min_samples_split': 10, 'min_samples_leaf': 4, 'max_features': 'sqrt', 'max_depth': 10};0.8819;0.2161;48.8206;73.6519
aT;53;list('adj',''), list('red',c(800,1100,1)), list('snv',''), list('sder',c(2,3,21));{'n_estimators': 100, 'min_samples_split': 5, 'min_samples_leaf': 4, 'max_features': 0.3, 'max_depth': 20};0.8912;0.2021;44.8756;74.3085
aT;54;list('adj',''),list('red',c(950,20,1)),list('snv',''),list('sder',c(1,3,15));{'n_estimators': 200, 'min_samples_split': 10, 'min_samples_leaf': 4, 'max_features': 'sqrt', 'max_depth': 10};0.8506;0.1597;50.811;76.2576
aT;55;list('adj',''),list('red',c(950,20,1)),list('snv',''),list('sder',c(2,3,15));{'n_estimators': 500, 'min_samples_split': 10, 'min_samples_leaf': 4, 'max_features': 'sqrt', 'max_depth': None};0.8695;0.1391;49.6666;77.1857
aT;56;list('adj',''), list('red',c(950,650,1)), list('snv',''), list('sder',c(2,3,15));{'n_estimators': 500, 'min_samples_split': 5, 'min_samples_leaf': 4, 'max_features': 'sqrt', 'max_depth': None};0.8853;0.1659;47.6658;75.9751
aT;57;list('adj',''), list('red',c(950,750,1)), list('snv',''), list('sder',c(0,3,15));{'n_estimators': 200, 'min_samples_split': 10, 'min_samples_leaf': 4, 'max_features': 'sqrt', 'max_depth': 10};0.817;0.057;53.8864;80.7844
aT;58;list('adj',''), list('red',c(950,750,1)), list('snv',''), list('sder',c(0,3,21));{'n_estimators': 200, 'min_samples_split': 10, 'min_samples_leaf': 4, 'max_features': 'sqrt', 'max_depth': 10};0.8166;0.0595;53.9658;80.6739
aT;59;list('adj',''), list('red',c(950,750,1)), list('snv',''), list('sder',c(0,3,25));{'n_estimators': 200, 'min_samples_split': 10, 'min_samples_leaf': 4, 'max_features': 'log2', 'max_depth': 20};0.7979;0.06;56.2105;80.6529
aT;60;list('adj',''), list('red',c(950,750,1)), list('snv',''), list('sder',c(0,3,31));{'n_estimators': 200, 'min_samples_split': 10, 'min_samples_leaf': 4, 'max_features': 'log2', 'max_depth': 20};0.8023;0.0628;56.1026;80.5347
aT;61;list('adj',''), list('red',c(950,750,1)), list('snv',''), list('sder',c(1,3,11));{'n_estimators': 100, 'min_samples_split': 5, 'min_samples_leaf': 4, 'max_features': 0.3, 'max_depth': 20};0.8808;0.1616;46.473;76.1706
aT;62;list('adj',''), list('red',c(950,750,1)), list('snv',''), list('sder',c(1,3,15));{'n_estimators': 500, 'min_samples_split': 5, 'min_samples_leaf': 4, 'max_features': 'sqrt', 'max_depth': None};0.8792;0.1607;47.9725;76.2136
aT;63;list('adj',''), list('red',c(950,750,1)), list('snv',''), list('sder',c(1,3,21));{'n_estimators': 200, 'min_samples_split': 10, 'min_samples_leaf': 4, 'max_features': 'log2', 'max_depth': 20};0.8411;0.1449;53.0188;76.9267
aT;64;list('adj',''), list('red',c(950,750,1)), list('snv',''), list('sder',c(1,3,31));{'n_estimators': 200, 'min_samples_split': 10, 'min_samples_leaf': 4, 'max_features': 'sqrt', 'max_depth': 10};0.84;0.1407;51.9432;77.1163
aT;65;list('adj',''), list('red',c(950,750,1)), list('snv',''), list('sder',c(2,3,15));{'n_estimators': 500, 'min_samples_split': 5, 'min_samples_leaf': 4, 'max_features': 'sqrt', 'max_depth': None};0.8875;0.1671;48.2964;75.9197
aT;66;list('adj',''), list('red',c(1000,700,1)), list('snv',''), list('sder',c(2,3,15));{'n_estimators': 500, 'min_samples_split': 10, 'min_samples_leaf': 4, 'max_features': 0.3, 'max_depth': None};0.8831;0.1841;47.0721;75.1442
aT;67;list('adj',''), list('red',c(1000,750,1)), list('snv',''), list('sder',c(2,3,15));{'n_estimators': 200, 'min_samples_split': 10, 'min_samples_leaf': 4, 'max_features': 'sqrt', 'max_depth': 10};0.8615;0.1778;51.4076;75.4325
aT;68;list('adj',''), list('red',c(1100,600,1)), list('snv',''), list('sder',c(1,3,15));{'n_estimators': 200, 'min_samples_split': 10, 'min_samples_leaf': 4, 'max_features': 'log2', 'max_depth': 20};0.8313;0.1678;52.8293;75.8872
aT;69;list('adj',''), list('red',c(1100,600,1)), list('snv',''), list('sder',c(1,3,21));{'n_estimators': 200, 'min_samples_split': 10, 'min_samples_leaf': 4, 'max_features': 'log2', 'max_depth': 20};0.8294;0.16;52.9692;76.2457
aT;70;list('adj',''), list('red',c(1100,600,1)), list('snv',''), list('sder',c(2,3,15));{'n_estimators': 500, 'min_samples_split': 10, 'min_samples_leaf': 4, 'max_features': 0.3, 'max_depth': None};0.8797;0.1473;47.5833;76.8172
aT;71;list('adj',''), list('red',c(1100,600,1)), list('snv',''), list('sder',c(2,3,21));{'n_estimators': 200, 'min_samples_split': 10, 'min_samples_leaf': 4, 'max_features': 'sqrt', 'max_depth': 10};0.8745;0.1882;50.3969;74.9549
aT;72;list('adj',''), list('red',c(1,1300,1)), list('sder',c(1,2,11)), list('snv','');{'n_estimators': 200, 'min_samples_split': 2, 'min_samples_leaf': 2, 'max_features': 0.3, 'max_depth': 20};0.9574;0.1029;37.0706;78.7924
aT;73;list('adj',''), list('red',c(1,1300,1)), list('sder',c(1,2,15)), list('snv','');{'n_estimators': 200, 'min_samples_split': 2, 'min_samples_leaf': 2, 'max_features': 0.3, 'max_depth': 20};0.9551;0.0954;37.525;79.1225
aT;74;list('adj',''), list('red',c(1,1300,1)), list('sder',c(1,3,15)), list('snv','');{'n_estimators': 200, 'min_samples_split': 2, 'min_samples_leaf': 2, 'max_features': 0.3, 'max_depth': 20};0.9573;0.1344;37.4067;77.3984
aT;75;list('adj',''), list('red',c(1,1300,1)), list('sder',c(1,3,21)), list('snv','');{'n_estimators': 100, 'min_samples_split': 2, 'min_samples_leaf': 4, 'max_features': 0.3, 'max_depth': 10};0.8852;0.1328;48.1373;77.4696
aT;76;list('adj',''), list('red',c(1,1300,1)), list('sder',c(2,3,15)), list('snv','');{'n_estimators': 100, 'min_samples_split': 10, 'min_samples_leaf': 4, 'max_features': 'sqrt', 'max_depth': 10};0.9048;0.178;48.9097;75.4225
aT;77;list('adj',''), list('red',c(1,1300,1)), list('sder',c(2,3,21)), list('snv','');{'n_estimators': 500, 'min_samples_split': 5, 'min_samples_leaf': 4, 'max_features': 'sqrt', 'max_depth': None};0.9244;0.1447;46.7693;76.9355
aT;78;list('adj',''), list('red',c(1,1300,1)), list('snv',''), list('detr','2');{'n_estimators': 100, 'min_samples_split': 2, 'min_samples_leaf': 4, 'max_features': 0.3, 'max_depth': 10};0.8501;0.0209;53.2976;82.316
aT;79;list('adj',''), list('red',c(1,1300,1)), list('snv',''), list('detr','3');{'n_estimators': 100, 'min_samples_split': 2, 'min_samples_leaf': 4, 'max_features': 0.3, 'max_depth': 10};0.8501;0.0209;53.2976;82.316
aT;80;list('adj',''), list('red',c(950,750,1)), list('snv',''), list('detr','2');{'n_estimators': 500, 'min_samples_split': 5, 'min_samples_leaf': 4, 'max_features': 'log2', 'max_depth': None};0.8257;0.0538;54.3946;80.9216
aT;81;list('adj',''), list('red',c(950,750,1)), list('snv',''), list('detr','2'), list('sder',c(0, 2, 21));{'n_estimators': 500, 'min_samples_split': 5, 'min_samples_leaf': 4, 'max_features': 'log2', 'max_depth': None};0.8245;0.0589;54.3931;80.7022
aT;82;list('adj',''), list('red',c(950,750,1)), list('snv',''), list('detr','2'), list('sder',c(0, 2, 25));{'n_estimators': 200, 'min_samples_split': 10, 'min_samples_leaf': 4, 'max_features': 'log2', 'max_depth': 20};0.7972;0.0592;57.1993;80.6898
aT;83;list('adj',''), list('red',c(950,750,1)), list('snv',''), list('detr','2'), list('sder',c(0, 3, 21));{'n_estimators': 500, 'min_samples_split': 5, 'min_samples_leaf': 4, 'max_features': 'log2', 'max_depth': None};0.8256;0.0569;54.3599;80.7884
aT;84;list('adj',''), list('red',c(950,750,1)), list('snv',''), list('detr','2'), list('sder',c(1, 3, 9));{'n_estimators': 100, 'min_samples_split': 10, 'min_samples_leaf': 4, 'max_features': 'log2', 'max_depth': None};0.8611;0.1744;52.7664;75.5858
aT;85;list('adj',''), list('red',c(950,750,1)), list('snv',''), list('detr','2'), list('sder',c(1, 3, 15));{'n_estimators': 200, 'min_samples_split': 10, 'min_samples_leaf': 4, 'max_features': 'sqrt', 'max_depth': 10};0.8702;0.1763;50.3166;75.4996
aT;86;list('adj',''), list('red',c(1,1300,1)), list('snv',''), list('detr','2'), list('sder',c(0, 2, 21));{'n_estimators': 100, 'min_samples_split': 2, 'min_samples_leaf': 4, 'max_features': 0.3, 'max_depth': 10};0.8497;0.0112;53.1235;82.7223
aT;87;list('adj',''), list('red',c(1,1300,1)), list('snv',''), list('detr','2'), list('sder',c(0, 2, 25));{'n_estimators': 100, 'min_samples_split': 5, 'min_samples_leaf': 4, 'max_features': 0.3, 'max_depth': 20};0.8485;0.01;53.3393;82.7696
aT;88;list('adj',''), list('red',c(1,1300,1)), list('snv',''), list('detr','2'), list('sder',c(0, 3, 21));{'n_estimators': 100, 'min_samples_split': 2, 'min_samples_leaf': 4, 'max_features': 0.3, 'max_depth': 10};0.85;0.0132;53.103;82.6358
aT;89;list('adj',''), list('red',c(1,1300,1)), list('snv',''), list('detr','2'), list('sder',c(1, 3, 9));{'n_estimators': 200, 'min_samples_split': 5, 'min_samples_leaf': 2, 'max_features': 'sqrt', 'max_depth': 10};0.9568;0.1452;38.5753;76.9142
aT;90;list('adj',''), list('red',c(1,1300,1)), list('snv',''), list('detr','2'), list('sder',c(1, 3, 11));{'n_estimators': 500, 'min_samples_split': 2, 'min_samples_leaf': 2, 'max_features': 'sqrt', 'max_depth': None};0.9675;0.152;35.8868;76.6066
aT;91;list('adj',''), list('red',c(1,1300,1)), list('snv',''), list('detr','2'), list('sder',c(1, 3, 15));{'n_estimators': 100, 'min_samples_split': 2, 'min_samples_leaf': 4, 'max_features': 0.3, 'max_depth': 10};0.9189;0.2077;43.4634;74.0493
aT;92;list('adj',''), list('red',c(1,1300,1)), list('snv',''), list('detr','2'), list('sder',c(1, 3, 21));{'n_estimators': 100, 'min_samples_split': 2, 'min_samples_leaf': 1, 'max_features': 'sqrt', 'max_depth': 20};0.9735;0.1917;29.9561;74.7933
aT;93;list('adj',''), list('red',c(1,1300,1)), list('snv',''), list('detr','2'), list('sder',c(2, 3, 15));{'n_estimators': 200, 'min_samples_split': 5, 'min_samples_leaf': 2, 'max_features': 'sqrt', 'max_depth': 10};0.9636;0.1983;37.1491;74.4843
aT;94;list('adj',''), list('red',c(1,1300,1)), list('snv',''), list('detr','2'), list('sder',c(2, 3, 21));{'n_estimators': 200, 'min_samples_split': 5, 'min_samples_leaf': 2, 'max_features': 'sqrt', 'max_depth': 10};0.965;0.1861;36.5923;75.0481
aT;95;list('adj',''), list('red',c(1,1300,1)), list('snv',''), list('detr','3'), list('sder',c(1, 3, 15));{'n_estimators': 100, 'min_samples_split': 2, 'min_samples_leaf': 4, 'max_features': 0.3, 'max_depth': 10};0.9189;0.2077;43.4634;74.0493
aT;96;list('adj',''), list('red',c(1,1300,1)), list('snv',''), list('detr','3'), list('sder',c(2, 3, 21));{'n_estimators': 200, 'min_samples_split': 5, 'min_samples_leaf': 2, 'max_features': 'sqrt', 'max_depth': 10};0.965;0.1861;36.5923;75.0481
aT;97;list('adj',''), list('red',c(1,1300,1)), list('msc','');{'n_estimators': 200, 'min_samples_split': 2, 'min_samples_leaf': 2, 'max_features': 0.3, 'max_depth': 20};0.9257;0.1258;39.2698;77.7807
aT;98;list('adj',''), list('red',c(950,750,1)), list('msc','');{'n_estimators': 200, 'min_samples_split': 5, 'min_samples_leaf': 2, 'max_features': 'log2', 'max_depth': None};0.83;-0.081;53.3001;86.493
aT;99;list('adj',''), list('red',c(1,1300,1)), list('msc',''), list('sder',c(0, 2, 15));{'n_estimators': 500, 'min_samples_split': 2, 'min_samples_leaf': 2, 'max_features': 0.3, 'max_depth': 10};0.9276;0.148;38.2695;76.7877
aT;100;list('adj',''), list('red',c(1,1300,1)), list('msc',''), list('sder',c(0, 3, 21));{'n_estimators': 300, 'min_samples_split': 2, 'min_samples_leaf': 2, 'max_features': 0.3, 'max_depth': 10};0.9267;0.1701;38.5872;75.7824
aT;101;list('adj',''), list('red',c(1,1300,1)), list('msc',''), list('sder',c(1, 2, 5));{'n_estimators': 200, 'min_samples_split': 5, 'min_samples_leaf': 2, 'max_features': 'sqrt', 'max_depth': 10};0.9663;0.1574;37.58;76.3594
aT;102;list('adj',''), list('red',c(1,1300,1)), list('msc',''), list('sder',c(1, 2, 11));{'n_estimators': 500, 'min_samples_split': 10, 'min_samples_leaf': 4, 'max_features': 0.3, 'max_depth': None};0.9025;0.1811;44.8257;75.2807
aT;103;list('adj',''), list('red',c(1,1300,1)), list('msc',''), list('sder',c(1, 2, 15));{'n_estimators': 500, 'min_samples_split': 5, 'min_samples_leaf': 4, 'max_features': 'sqrt', 'max_depth': None};0.8974;0.1584;47.1971;76.3144
aT;104;list('adj',''), list('red',c(1,1300,1)), list('msc',''), list('sder',c(1, 2, 21));{'n_estimators': 500, 'min_samples_split': 5, 'min_samples_leaf': 4, 'max_features': 'sqrt', 'max_depth': None};0.8907;0.1453;47.9509;76.9069
aT;105;list('adj',''), list('red',c(1,1300,1)), list('msc',''), list('sder',c(1, 2, 31));{'n_estimators': 100, 'min_samples_split': 2, 'min_samples_leaf': 4, 'max_features': 0.3, 'max_depth': 10};0.8921;0.1673;45.7385;75.9123
aT;106;list('adj',''), list('red',c(1,1300,1)), list('msc',''), list('sder',c(1, 3, 5));{'n_estimators': 200, 'min_samples_split': 5, 'min_samples_leaf': 2, 'max_features': 'sqrt', 'max_depth': 10};0.9608;0.171;38.0869;75.7427
aT;107;list('adj',''), list('red',c(1,1300,1)), list('msc',''), list('sder',c(1, 3, 11));{'n_estimators': 200, 'min_samples_split': 10, 'min_samples_leaf': 4, 'max_features': 'sqrt', 'max_depth': 10};0.9048;0.1626;49.557;76.1252
aT;108;list('adj',''), list('red',c(1,1300,1)), list('msc',''), list('sder',c(1, 3, 15));{'n_estimators': 100, 'min_samples_split': 2, 'min_samples_leaf': 1, 'max_features': 'sqrt', 'max_depth': 20};0.9792;0.1922;30.0589;74.7694
aT;109;list('adj',''), list('red',c(1,1300,1)), list('msc',''), list('sder',c(1, 3, 21));{'n_estimators': 500, 'min_samples_split': 10, 'min_samples_leaf': 4, 'max_features': 0.3, 'max_depth': None};0.9046;0.1744;44.719;75.5873
aT;110;list('adj',''), list('red',c(1,1300,1)), list('msc',''), list('sder',c(1, 3, 31));{'n_estimators': 500, 'min_samples_split': 10, 'min_samples_leaf': 4, 'max_features': 0.3, 'max_depth': None};0.8979;0.1603;45.791;76.2278
aT;111;list('adj',''), list('red',c(1,1300,1)), list('msc',''), list('sder',c(2, 2, 11));{'n_estimators': 500, 'min_samples_split': 5, 'min_samples_leaf': 4, 'max_features': 'sqrt', 'max_depth': None};0.9187;0.1928;45.1655;74.7383
aT;112;list('adj',''), list('red',c(1,1300,1)), list('msc',''), list('sder',c(2, 2, 15));{'n_estimators': 200, 'min_samples_split': 5, 'min_samples_leaf': 2, 'max_features': 'sqrt', 'max_depth': 10};0.9656;0.1907;36.6213;74.838
aT;113;list('adj',''), list('red',c(1,1300,1)), list('msc',''), list('sder',c(2, 2, 21));{'n_estimators': 500, 'min_samples_split': 10, 'min_samples_leaf': 4, 'max_features': 0.3, 'max_depth': None};0.9227;0.2416;43.1099;72.445
aT;114;list('adj',''), list('red',c(1,1300,1)), list('msc',''), list('sder',c(2, 2, 31));{'n_estimators': 500, 'min_samples_split': 2, 'min_samples_leaf': 2, 'max_features': 'sqrt', 'max_depth': None};0.9706;0.2103;33.9768;73.9247
aT;115;list('adj',''), list('red',c(1,1300,1)), list('msc',''), list('sder',c(2, 3, 11));{'n_estimators': 500, 'min_samples_split': 5, 'min_samples_leaf': 4, 'max_features': 'sqrt', 'max_depth': None};0.9194;0.1929;45.0894;74.7345
aT;116;list('adj',''), list('red',c(1,1300,1)), list('msc',''), list('sder',c(2, 3, 15));{'n_estimators': 200, 'min_samples_split': 5, 'min_samples_leaf': 2, 'max_features': 'sqrt', 'max_depth': 10};0.9661;0.1867;36.5269;75.0217
aT;117;list('adj',''), list('red',c(1,1300,1)), list('msc',''), list('sder',c(2, 3, 21));{'n_estimators': 500, 'min_samples_split': 10, 'min_samples_leaf': 4, 'max_features': 0.3, 'max_depth': None};0.9227;0.2414;43.1177;72.4571
aT;118;list('adj',''), list('red',c(1,1300,1)), list('msc',''), list('sder',c(2, 3, 31));{'n_estimators': 500, 'min_samples_split': 2, 'min_samples_leaf': 2, 'max_features': 'sqrt', 'max_depth': None};0.9714;0.2103;33.926;73.9278
aT;119;list('adj',''), list('red',c(950,750,1)), list('msc',''), list('sder',c(1,3,15));{'n_estimators': 500, 'min_samples_split': 10, 'min_samples_leaf': 4, 'max_features': 0.3, 'max_depth': None};0.8785;0.1674;47.3967;75.9089
aT;120;list('adj',''), list('red',c(950,750,1)), list('msc',''), list('sder',c(1,3,21));{'n_estimators': 100, 'min_samples_split': 10, 'min_samples_leaf': 4, 'max_features': 'sqrt', 'max_depth': 10};0.8487;0.1509;51.3058;76.656
aT;121;list('adj',''), list('red',c(1,1300,1)), list('sder',c(1,3,15)), list('msc','');{'n_estimators': 100, 'min_samples_split': 2, 'min_samples_leaf': 1, 'max_features': 'sqrt', 'max_depth': 20};0.9792;0.1922;30.0589;74.7694
aT;122;list('adj',''), list('red',c(1,1300,1)), list('sder',c(2,3,15)), list('msc','');{'n_estimators': 200, 'min_samples_split': 5, 'min_samples_leaf': 2, 'max_features': 'sqrt', 'max_depth': 10};0.9661;0.1867;36.5269;75.0217
aT;123;list('adj',''), list('red',c(1,1300,1)), list('msc',''), list('detr','2');{'n_estimators': 500, 'min_samples_split': 10, 'min_samples_leaf': 4, 'max_features': 0.3, 'max_depth': None};0.7958;0.0307;55.366;81.9027
aT;124;list('adj',''), list('red',c(1,1300,1)), list('msc',''), list('detr','3');{'n_estimators': 500, 'min_samples_split': 10, 'min_samples_leaf': 4, 'max_features': 0.3, 'max_depth': None};0.7958;0.0307;55.366;81.9027
aT;125;list('adj',''), list('red',c(1,1300,1)), list('msc',''), list('detr','2'), list('sder',c(1,3,15));{'n_estimators': 500, 'min_samples_split': 10, 'min_samples_leaf': 4, 'max_features': 0.3, 'max_depth': None};0.9032;0.1144;46.82;78.2849
aT;126;list('adj',''), list('red',c(1,1300,1)), list('msc',''), list('detr','2'), list('sder',c(2,3,15));{'n_estimators': 200, 'min_samples_split': 5, 'min_samples_leaf': 2, 'max_features': 'sqrt', 'max_depth': 10};0.9661;0.1844;36.552;75.1276
aT;127;list('adj',''), list('red',c(1,1300,1)), list('msc',''), list('detr','3'), list('sder',c(2,4,31));{'n_estimators': 300, 'min_samples_split': 5, 'min_samples_leaf': 2, 'max_features': 0.3, 'max_depth': 20};0.9723;0.2317;32.0306;72.9189
aT;128;list('adj',''), list('ref2abs',''), list('red',c(1,1300,1));{'n_estimators': 500, 'min_samples_split': 2, 'min_samples_leaf': 2, 'max_features': 0.3, 'max_depth': 10};0.9311;0.1344;38.3318;77.3958
aT;129;list('adj',''), list('ref2abs',''), list('red',c(1,1300,1)), list('snv','');{'n_estimators': 500, 'min_samples_split': 2, 'min_samples_leaf': 2, 'max_features': 0.3, 'max_depth': 10};0.947;0.0817;37.339;79.7194
aT;130;list('adj',''), list('ref2abs',''), list('red',c(950,750,1)), list('snv','');{'n_estimators': 100, 'min_samples_split': 10, 'min_samples_leaf': 4, 'max_features': 'sqrt', 'max_depth': 10};0.8336;0.1782;51.4933;75.4151
aT;131;list('adj',''), list('ref2abs',''), list('red',c(1,1300,1)), list('snv',''), list('sder',c(0, 2, 21));{'n_estimators': 300, 'min_samples_split': 2, 'min_samples_leaf': 2, 'max_features': 0.3, 'max_depth': 10};0.9428;0.0958;38.2666;79.1035
aT;132;list('adj',''), list('ref2abs',''), list('red',c(1,1300,1)), list('snv',''), list('sder',c(0, 2, 25));{'n_estimators': 300, 'min_samples_split': 2, 'min_samples_leaf': 2, 'max_features': 0.3, 'max_depth': None};0.9468;0.0966;37.4231;79.0673
aT;133;list('adj',''), list('ref2abs',''), list('red',c(1,1300,1)), list('snv',''), list('sder',c(0, 2, 27));{'n_estimators': 300, 'min_samples_split': 2, 'min_samples_leaf': 2, 'max_features': 0.3, 'max_depth': 10};0.9439;0.1019;38.0622;78.8371
aT;134;list('adj',''), list('ref2abs',''), list('red',c(1,1300,1)), list('snv',''), list('sder',c(0, 2, 31));{'n_estimators': 300, 'min_samples_split': 2, 'min_samples_leaf': 2, 'max_features': 0.3, 'max_depth': 10};0.9452;0.0903;38.276;79.3457
aT;135;list('adj',''), list('ref2abs',''), list('red',c(1,1300,1)), list('snv',''), list('sder',c(0, 3, 15));{'n_estimators': 500, 'min_samples_split': 2, 'min_samples_leaf': 2, 'max_features': 0.3, 'max_depth': 10};0.9457;0.093;37.3966;79.2245
aT;136;list('adj',''), list('ref2abs',''), list('red',c(1,1300,1)), list('snv',''), list('sder',c(0, 3, 17));{'n_estimators': 500, 'min_samples_split': 2, 'min_samples_leaf': 2, 'max_features': 0.3, 'max_depth': 10};0.9458;0.0914;37.449;79.2967
aT;137;list('adj',''), list('ref2abs',''), list('red',c(1,1300,1)), list('snv',''), list('sder',c(0, 3, 19));{'n_estimators': 500, 'min_samples_split': 2, 'min_samples_leaf': 2, 'max_features': 0.3, 'max_depth': 10};0.945;0.0899;37.6259;79.3594
aT;138;list('adj',''), list('ref2abs',''), list('red',c(1,1300,1)), list('snv',''), list('sder',c(0, 3, 21));{'n_estimators': 300, 'min_samples_split': 2, 'min_samples_leaf': 2, 'max_features': 0.3, 'max_depth': 10};0.943;0.0904;38.2031;79.3415
aT;139;list('adj',''), list('ref2abs',''), list('red',c(1,1300,1)), list('snv',''), list('sder',c(0,3,31));{'n_estimators': 300, 'min_samples_split': 2, 'min_samples_leaf': 2, 'max_features': 0.3, 'max_depth': None};0.9487;0.0905;37.4655;79.3333
aT;140;list('adj',''), list('ref2abs',''), list('red',c(1,1300,1)), list('snv',''), list('sder',c(1,2,11));{'n_estimators': 200, 'min_samples_split': 2, 'min_samples_leaf': 2, 'max_features': 0.3, 'max_depth': 20};0.9573;0.1926;34.5813;74.7507
aT;141;list('adj',''), list('ref2abs',''), list('red',c(1,1300,1)), list('snv',''), list('sder',c(1,3,15));{'n_estimators': 200, 'min_samples_split': 2, 'min_samples_leaf': 2, 'max_features': 0.3, 'max_depth': 20};0.9696;0.1673;33.958;75.9135
aT;142;list('adj',''), list('ref2abs',''), list('red',c(1,1300,1)), list('snv',''), list('sder',c(1,3,21));{'n_estimators': 500, 'min_samples_split': 10, 'min_samples_leaf': 4, 'max_features': 0.3, 'max_depth': None};0.9081;0.1644;45.2007;76.0451
aT;143;list('adj',''), list('ref2abs',''), list('red',c(1,1300,1)), list('snv',''), list('sder',c(2,3,15));{'n_estimators': 100, 'min_samples_split': 10, 'min_samples_leaf': 4, 'max_features': 'sqrt', 'max_depth': 10};0.8978;0.1746;49.3366;75.5777
aT;144;list('adj',''), list('ref2abs',''), list('red',c(1,1300,1)), list('snv',''), list('sder',c(2,3,21));{'n_estimators': 500, 'min_samples_split': 2, 'min_samples_leaf': 2, 'max_features': 'sqrt', 'max_depth': None};0.9775;0.1669;33.8891;75.9294
aT;145;list('adj',''), list('ref2abs',''), list('red',c(1,1300,1)), list('snv',''), list('sder',c(1,3,15));{'n_estimators': 200, 'min_samples_split': 2, 'min_samples_leaf': 2, 'max_features': 0.3, 'max_depth': 20};0.9696;0.1673;33.958;75.9135
aT;146;list('adj',''), list('ref2abs',''), list('red',c(1,1300,1)), list('snv',''), list('sder',c(1,3,25));{'n_estimators': 100, 'min_samples_split': 2, 'min_samples_leaf': 4, 'max_features': 0.3, 'max_depth': 10};0.9073;0.1591;44.0821;76.2836
aT;147;list('adj',''), list('ref2abs',''), list('red',c(1,1300,1)), list('snv',''), list('sder',c(1,3,31));{'n_estimators': 500, 'min_samples_split': 10, 'min_samples_leaf': 4, 'max_features': 0.3, 'max_depth': None};0.8848;0.1948;45.5455;74.6487
aT;148;list('adj',''), list('ref2abs',''), list('red',c(1,1300,1)), list('snv',''), list('sder',c(2,3,21));{'n_estimators': 500, 'min_samples_split': 2, 'min_samples_leaf': 2, 'max_features': 'sqrt', 'max_depth': None};0.9775;0.1669;33.8891;75.9294
aT;149;list('adj',''), list('ref2abs',''), list('red',c(950,750,1)), list('snv',''), list('sder',c(0, 2, 21));{'n_estimators': 500, 'min_samples_split': 5, 'min_samples_leaf': 4, 'max_features': 'sqrt', 'max_depth': None};0.8565;0.1738;49.0189;75.6139
aT;150;list('adj',''), list('ref2abs',''), list('red',c(950,750,1)), list('snv',''), list('sder',c(0, 2, 25));{'n_estimators': 500, 'min_samples_split': 5, 'min_samples_leaf': 4, 'max_features': 'sqrt', 'max_depth': None};0.8569;0.1713;48.9429;75.7308
aT;151;list('adj',''), list('ref2abs',''), list('red',c(950,750,1)), list('snv',''), list('sder',c(0, 2, 27));{'n_estimators': 500, 'min_samples_split': 5, 'min_samples_leaf': 4, 'max_features': 'sqrt', 'max_depth': None};0.8575;0.1684;48.9423;75.8637
aT;152;list('adj',''), list('ref2abs',''), list('red',c(950,750,1)), list('snv',''), list('sder',c(0, 2, 31));{'n_estimators': 500, 'min_samples_split': 5, 'min_samples_leaf': 4, 'max_features': 'sqrt', 'max_depth': None};0.8566;0.1631;49.1283;76.1038
aT;153;list('adj',''), list('ref2abs',''), list('red',c(950,750,1)), list('snv',''), list('sder',c(0, 3, 15));{'n_estimators': 200, 'min_samples_split': 5, 'min_samples_leaf': 2, 'max_features': 'log2', 'max_depth': None};0.9141;0.1716;41.6938;75.7156
aT;154;list('adj',''), list('ref2abs',''), list('red',c(950,750,1)), list('snv',''), list('sder',c(0, 3, 17));{'n_estimators': 100, 'min_samples_split': 10, 'min_samples_leaf': 4, 'max_features': 'sqrt', 'max_depth': 10};0.8342;0.1683;51.4303;75.864
aT;155;list('adj',''), list('ref2abs',''), list('red',c(950,750,1)), list('snv',''), list('sder',c(0, 3, 19));{'n_estimators': 500, 'min_samples_split': 5, 'min_samples_leaf': 4, 'max_features': 'sqrt', 'max_depth': None};0.8584;0.171;48.8855;75.742
aT;156;list('adj',''), list('ref2abs',''), list('red',c(950,750,1)), list('snv',''), list('sder',c(0, 3, 21));{'n_estimators': 500, 'min_samples_split': 5, 'min_samples_leaf': 4, 'max_features': 'sqrt', 'max_depth': None};0.8574;0.1697;48.9367;75.8041
aT;157;list('adj',''), list('ref2abs',''), list('red',c(950,750,1)), list('snv',''), list('sder',c(0,3,31));{'n_estimators': 500, 'min_samples_split': 5, 'min_samples_leaf': 4, 'max_features': 'sqrt', 'max_depth': None};0.8572;0.167;49.0382;75.9251
aT;158;list('adj',''), list('ref2abs',''), list('red',c(950,750,1)), list('snv',''), list('sder',c(1,3,15));{'n_estimators': 100, 'min_samples_split': 10, 'min_samples_leaf': 4, 'max_features': 'sqrt', 'max_depth': 10};0.8567;0.1909;50.4752;74.8265
aT;159;list('adj',''), list('ref2abs',''), list('red',c(950,750,1)), list('snv',''), list('sder',c(1,3,25));{'n_estimators': 100, 'min_samples_split': 10, 'min_samples_leaf': 4, 'max_features': 'log2', 'max_depth': None};0.855;0.176;51.2712;75.5124
aT;160;list('adj',''), list('ref2abs',''), list('red',c(950,750,1)), list('snv',''), list('sder',c(1,3,31));{'n_estimators': 100, 'min_samples_split': 5, 'min_samples_leaf': 2, 'max_features': 'log2', 'max_depth': 10};0.9297;0.1951;40.1093;74.6327
aT;161;list('adj',''), list('ref2abs',''), list('red',c(950,750,1)), list('snv',''), list('sder',c(2,3,21));{'n_estimators': 100, 'min_samples_split': 2, 'min_samples_leaf': 4, 'max_features': 0.3, 'max_depth': 10};0.9077;0.2053;43.4869;74.1615
aT;162;list('adj',''), list('ref2abs',''), list('red',c(1,1300,1)), list('snv',''), list('detr','2');{'n_estimators': 300, 'min_samples_split': 10, 'min_samples_leaf': 2, 'max_features': 0.3, 'max_depth': 20};0.8411;0.0072;51.8478;82.8872
aT;163;list('adj',''), list('ref2abs',''), list('red',c(950,750,1)), list('snv',''), list('detr','2');{'n_estimators': 500, 'min_samples_split': 2, 'min_samples_leaf': 2, 'max_features': 'sqrt', 'max_depth': None};0.9372;0.159;37.8302;76.2878
aT;164;list('adj',''), list('ref2abs',''), list('red',c(950,750,1)), list('snv',''), list('detr','2'), list('sder',c(0, 3, 21));{'n_estimators': 500, 'min_samples_split': 2, 'min_samples_leaf': 2, 'max_features': 'sqrt', 'max_depth': None};0.9368;0.1648;38.0223;76.0277
aT;165;list('adj',''), list('ref2abs',''), list('red',c(1,1300,1)), list('snv',''), list('detr','2'), list('sder',c(0, 3, 21));{'n_estimators': 300, 'min_samples_split': 10, 'min_samples_leaf': 2, 'max_features': 0.3, 'max_depth': 20};0.8363;0.0029;52.2287;83.0682
aT;166;list('adj',''), list('ref2abs',''), list('red',c(1,1300,1)), list('snv',''), list('detr','2'), list('sder',c(1,3,15));{'n_estimators': 500, 'min_samples_split': 2, 'min_samples_leaf': 2, 'max_features': 'sqrt', 'max_depth': None};0.9668;0.1095;35.4223;78.503
aT;167;list('adj',''), list('ref2abs',''), list('red',c(1,1300,1)), list('snv',''), list('detr','2'), list('sder',c(2,3,15));{'n_estimators': 100, 'min_samples_split': 10, 'min_samples_leaf': 4, 'max_features': 'sqrt', 'max_depth': 10};0.8974;0.1759;49.3708;75.5196
aT;168;list('adj',''), list('ref2abs',''), list('red',c(1,1300,1)), list('msc','');{'n_estimators': 500, 'min_samples_split': 2, 'min_samples_leaf': 2, 'max_features': 0.3, 'max_depth': 10};0.9311;0.1344;38.3318;77.3958
aT;169;list('adj',''), list('ref2abs',''), list('red',c(950,750,1)), list('msc','');{'n_estimators': 200, 'min_samples_split': 10, 'min_samples_leaf': 2, 'max_features': 'sqrt', 'max_depth': None};0.8075;-0.0923;57.3035;86.945
aT;170;list('adj',''), list('ref2abs',''), list('red',c(1,1300,1)), list('msc',''), list('sder',c(1,3,15));{'n_estimators': 200, 'min_samples_split': 10, 'min_samples_leaf': 2, 'max_features': 'sqrt', 'max_depth': None};0.9158;0.1315;46.4008;77.5263
aT;171;list('adj',''), list('ref2abs',''), list('red',c(1,1300,1)), list('msc',''), list('sder',c(2,3,15));{'n_estimators': 100, 'min_samples_split': 5, 'min_samples_leaf': 4, 'max_features': 'log2', 'max_depth': None};0.9104;0.1715;50.8777;75.7207
aT;172;list('snv',''),list('sder',c(1,3,9)),list('red',c(10,10,1));{'n_estimators': 500, 'min_samples_split': 2, 'min_samples_leaf': 2, 'max_features': 'sqrt', 'max_depth': None};0.9638;0.2375;33.6402;72.6416
aT;173;list('adj',''), list('red',c(1,1300,1)), list('sder',c(2,4,21)), list('snv','');{'n_estimators': 100, 'min_samples_split': 10, 'min_samples_leaf': 4, 'max_features': 'sqrt', 'max_depth': 10};0.8961;0.1847;49.8979;75.1164
aT;174;list('adj',''), list('red',c(1,1300,1)), list('snv',''), list('detr','3'), list('sder',c(2,4,25));{'n_estimators': 500, 'min_samples_split': 2, 'min_samples_leaf': 2, 'max_features': 'sqrt', 'max_depth': None};0.9737;0.1945;33.4338;74.6634
aT;175;list('adj',''), list('ref2abs',''), list('red',c(1,1300,1)), list('sder',c(1,3,31)), list('snv','');{'n_estimators': 500, 'min_samples_split': 5, 'min_samples_leaf': 4, 'max_features': 'sqrt', 'max_depth': None};0.8716;0.1677;48.358;75.8946
