"ech","eau","C14.0","C16.0","C18.0","C18.1n9","C18.1n7","C18.2","C18.3","C20.0","tlip.MS","trans.alpha.carotne","trans.beta.carotene","X13.cis.beta.carotene","X9.cis.beta.carotene","total.beta.carotenes","total.carotenes"
"M1",64,NA,NA,NA,NA,NA,NA,NA,NA,NA,NA,NA,NA,NA,NA,NA
"M10",23,0.5,37,6.4,43.7,1.2,10.2,0.3,0.5,NA,186,308,71,59,438,624
"M100",24,0.9,44,4.2,37.4,1.3,11.2,0.6,0.4,82.2,225,361,72,67,499,724
"M101",33,NA,NA,NA,NA,NA,NA,NA,NA,NA,NA,NA,NA,NA,NA,NA
"M102",17,NA,NA,NA,NA,NA,NA,NA,NA,NA,NA,NA,NA,NA,NA,NA
"M103",25,0.5,37.4,6.4,49,1.1,5,0.3,0.4,83.8,984,890,65,124,1079,2063
"M104",31,1.4,43.8,4.1,42.2,0.7,7.3,0.3,0.4,76.6,187,149,20,29,199,385
"M105",24,NA,NA,NA,NA,NA,NA,NA,NA,NA,NA,NA,NA,NA,NA,NA
"M106",21,NA,NA,NA,NA,NA,NA,NA,NA,NA,NA,NA,NA,NA,NA,NA
"M107",30,NA,NA,NA,NA,NA,NA,NA,NA,NA,NA,NA,NA,NA,NA,NA
"M108",37,NA,NA,NA,NA,NA,NA,NA,NA,NA,NA,NA,NA,NA,NA,NA
"M109",22,0.3,30.6,6.4,53.3,0.6,8.1,0.3,0.4,80.9,467,672,93,141,906,1373
"M11",22,NA,NA,NA,NA,NA,NA,NA,NA,NA,NA,NA,NA,NA,NA,NA
"M110",21,NA,NA,NA,NA,NA,NA,NA,NA,NA,NA,NA,NA,NA,NA,NA
"M111",20,0.2,31.5,7.8,52.5,0.5,6.9,0.1,0.6,80.5,NA,NA,NA,NA,NA,NA
"M112",18,NA,NA,NA,NA,NA,NA,NA,NA,NA,NA,NA,NA,NA,NA,NA
"M113",23,NA,NA,NA,NA,NA,NA,NA,NA,NA,NA,NA,NA,NA,NA,NA
"M114",26,0.2,27.8,8.6,55.1,1.1,6.4,0.4,0.5,76.3,578,719,72,252,1043,1621
"M115",23,NA,NA,NA,NA,NA,NA,NA,NA,NA,NA,NA,NA,NA,NA,NA
"M116",19,NA,NA,NA,NA,NA,NA,NA,NA,NA,NA,NA,NA,NA,NA,NA
"M117",21,0.2,35.4,7.1,48.1,0.6,7.7,0.3,0.5,82,178,449,46,73,569,747
"M118",17,NA,NA,NA,NA,NA,NA,NA,NA,NA,NA,NA,NA,NA,NA,NA
"M119",20,NA,NA,NA,NA,NA,NA,NA,NA,NA,NA,NA,NA,NA,NA,NA
"M12",29,NA,NA,NA,NA,NA,NA,NA,NA,NA,NA,NA,NA,NA,NA,NA
"M120",25,0.2,28.8,8,54,0.6,7.8,0.1,0.6,79.6,223,404,54,54,513,736
"M121",36,0.2,28.7,6.3,52.7,1.1,10.1,0.4,0.5,79.2,145,95,10,21,127,271
"M122",18,NA,NA,NA,NA,NA,NA,NA,NA,NA,NA,NA,NA,NA,NA,NA
"M123",28,1.4,47.4,3.8,35.8,1.4,9.4,0.4,0.4,83.9,278,280,33,57,370,648
"M124",16,NA,NA,NA,NA,NA,NA,NA,NA,NA,NA,NA,NA,NA,NA,NA
"M125",35,NA,NA,NA,NA,NA,NA,NA,NA,NA,NA,NA,NA,NA,NA,NA
"M126",16,NA,NA,NA,NA,NA,NA,NA,NA,NA,NA,NA,NA,NA,NA,NA
"M127",20,NA,NA,NA,NA,NA,NA,NA,NA,NA,NA,NA,NA,NA,NA,NA
"M128",20,NA,NA,NA,NA,NA,NA,NA,NA,NA,NA,NA,NA,NA,NA,NA
"M129",24,NA,NA,NA,NA,NA,NA,NA,NA,NA,NA,NA,NA,NA,NA,NA
"M13",19,NA,NA,NA,NA,NA,NA,NA,NA,NA,NA,NA,NA,NA,NA,NA
"M130",29,NA,NA,NA,NA,NA,NA,NA,NA,NA,NA,NA,NA,NA,NA,NA
"M131",23,NA,NA,NA,NA,NA,NA,NA,NA,NA,NA,NA,NA,NA,NA,NA
"M132",23,NA,NA,NA,NA,NA,NA,NA,NA,NA,NA,NA,NA,NA,NA,NA
"M133",26,NA,NA,NA,NA,NA,NA,NA,NA,NA,NA,NA,NA,NA,NA,NA
"M134",21,NA,NA,NA,NA,NA,NA,NA,NA,NA,NA,NA,NA,NA,NA,NA
"M135",19,NA,NA,NA,NA,NA,NA,NA,NA,NA,NA,NA,NA,NA,NA,NA
"M136",36,NA,NA,NA,NA,NA,NA,NA,NA,NA,NA,NA,NA,NA,NA,NA
"M137",25,0.2,28.2,8.1,54.8,0.9,6.9,0.3,0.5,84,446,1052,89,217,1358,1803
"M138",19,0.3,31.5,8.9,51.6,1,6.3,0.1,0.5,85.8,61,126,34,35,195,257
"M139",20,NA,NA,NA,NA,NA,NA,NA,NA,NA,NA,NA,NA,NA,NA,NA
"M14",19,0.4,34.3,12.9,43.2,0,8.4,0.3,0.4,80.3,330,303,53,82,438,768
"M140",22,NA,NA,NA,NA,NA,NA,NA,NA,NA,NA,NA,NA,NA,NA,NA
"M141",41,0.4,41.8,4.7,39.6,2.9,10.2,0.2,0.2,NA,125,91,25,18,133,258
"M142",26,0.5,42.8,5.7,39.4,1.8,8.9,0.4,0.4,82.1,25,35,3,7,46,71
"M143",27,NA,NA,NA,NA,NA,NA,NA,NA,NA,NA,NA,NA,NA,NA,NA
"M144",33,0.7,39.2,7.5,41.4,1.6,8.8,0.4,0.5,82,1530,765,155,91,1011,2541
"M145",36,0.8,40.5,6.1,39.6,1.7,10.8,0.1,0.4,77.7,99,105,10,34,149,249
"M146",28,0.644089062955054,44.7616009698827,5.18361332835172,40.2068099572668,0.578128558172411,7.9791775071267,0.221270695391289,0.425309920853341,NA,NA,NA,NA,NA,NA,NA
"M147",29,0.392600756042186,37.540031062113,5.58679400408268,46.8974217730532,0.553951205759374,8.23157293500543,0.359932622236287,0.437695641707799,NA,NA,NA,NA,NA,NA,NA
"M148",29,1.2,48.3,4.7,33.4,1.6,10.3,0.2,0.3,82.4,149,239,11,21,272,421
"M149",26,0.8,44,4.7,37.5,1.9,10.6,0.1,0.3,83.3,108,167,8,16,190,298
"M15",25,0.3,29.6,11.2,49.7,0.4,7.8,0.2,0.7,80.4,NA,NA,NA,NA,NA,NA
"M150",27,0.8,39.4,5.4,41.8,1.9,10,0.3,0.3,80.9,319,392,19,28,439,758
"M151",31,0.656699211777129,37.9514695831521,6.50049484332464,44.8204969496782,0.46895700145755,8.91773131169794,0.311143568696439,0.373007530215935,NA,NA,NA,NA,NA,NA,NA
"M152",24,0.713575215694213,39.9831781850048,5.61890121686025,44.4533396607694,0.538143176129685,8.04873820418066,0.279320954957069,0.364803386403864,NA,NA,NA,NA,NA,NA,NA
"M153",33,0.9,45.7,4.6,37.3,1.7,9.1,0.5,0.2,81.9,119,99,7,18,124,243
"M154",32,0.6,39.2,5.9,43.6,1.6,8.2,0.4,0.4,81.9,1081,631,35,106,773,1853
"M155",32,0.747952502278337,41.5870073038018,5.02735363580004,42.8077200021142,0.625862521520971,8.40444268399772,0.393438286055688,0.406223064431284,NA,NA,NA,NA,NA,NA,NA
"M156",28,NA,NA,NA,NA,NA,NA,NA,NA,NA,NA,NA,NA,NA,NA,NA
"M157",37,0.7,39.9,5.4,43.8,1.8,7.7,0.4,0.4,75.1,1239,639,134,116,889,2128
"M158",26,0.7,44.8,5.3,37.7,1.9,9,0.2,0.3,83.3,126,206,14,22,242,368
"M159",26,0.8,40.2,7,37.3,1.7,12,0.5,0.5,83.8,189,264,20,35,318,507
"M16",25,NA,NA,NA,NA,NA,NA,NA,NA,NA,NA,NA,NA,NA,NA,NA
"M160",27,NA,NA,NA,NA,NA,NA,NA,NA,NA,NA,NA,NA,NA,NA,NA
"M161",37,0.6,42.2,3.9,41.4,2.2,9.1,0.3,0.3,80.7,436,279,18,49,346,782
"M162",24,0.523388927910313,38.7653402161818,6.15681124889446,43.5447747225174,0.560980611971292,9.76293042908956,0.270003316216038,0.415770527219173,NA,NA,NA,NA,NA,NA,NA
"M163",41,NA,NA,NA,NA,NA,NA,NA,NA,NA,NA,NA,NA,NA,NA,NA
"M164",37,0.7,42.1,4.3,41.1,2.4,8.9,0.2,0.2,81.7,395,416,29,49,494,890
"M165",49,1.11585810684076,43.0722130373976,3.7688649608689,41.1586827623519,0.701435679183986,9.18399206248434,0.648149630281543,0.350803760590932,NA,NA,NA,NA,NA,NA,NA
"M166",33,0.619193978227738,43.8984305421386,5.79359259952575,40.2569929089766,0.56138198168568,8.18444575408461,0.346225772599172,0.339736462761876,NA,NA,NA,NA,NA,NA,NA
"M167",33,0.816359672635144,39.7312997787546,6.17315037441291,44.3900357102683,0.449324187827558,7.56058625904224,0.396891585691387,0.482352431367845,NA,NA,NA,NA,NA,NA,NA
"M168",25,0.786453529855656,44.6773538063653,5.14070982715076,40.3772789922075,0.57401622147057,7.81841028560718,0.267409410666907,0.358367926676158,NA,NA,NA,NA,NA,NA,NA
"M169",55,NA,NA,NA,NA,NA,NA,NA,NA,NA,NA,NA,NA,NA,NA,NA
"M17",17,NA,NA,NA,NA,NA,NA,NA,NA,NA,NA,NA,NA,NA,NA,NA
"M170",33,0.5,38.7,6.6,43.1,1.9,8.5,0.4,0.4,NA,923,417,43,64,524,1447
"M171",30,NA,NA,NA,NA,NA,NA,NA,NA,NA,NA,NA,NA,NA,NA,NA
"M172",36,1,41.5,6,38.2,0.8,11.6,0.4,0.5,83.4,NA,NA,NA,NA,NA,NA
"M173",24,0.5,42.8,3.3,39.4,3.1,10.6,0.1,0.2,NA,103,119,8,17,145,248
"M174",38,NA,NA,NA,NA,NA,NA,NA,NA,74.9,222,364,20,23,407,630
"M175",41,0.7,41.1,5.9,37.6,2,11.8,0.3,0.5,78,319,332,24,36,391,710
"M176",41,0.924213995082874,37.3521034909951,4.92187445365924,48.5692541450591,0.598658323498867,6.8237737466354,0.366333702253786,0.443788142815629,NA,NA,NA,NA,NA,NA,NA
"M177",34,1,40.1,4.9,44.6,1.9,6.8,0.4,0.3,73.4,1265,970,46,129,1145,2409
"M178",63,0.7,41.9,4.1,38.1,2.1,12.3,0.5,0.3,64.9,762,1029,98,88,1214,1976
"M179",53,NA,NA,NA,NA,NA,NA,NA,NA,NA,NA,NA,NA,NA,NA,NA
"M18",28,0.4,34.5,5.1,49.2,1.6,8.4,0.4,0.4,NA,545,1077,67,111,1255,1800
"M180",35,0.697276927974269,39.4986293442533,4.81485735694715,47.2980915112272,0.658594673657147,6.34858630406386,0.334001330039763,0.34996255183731,NA,NA,NA,NA,NA,NA,NA
"M181",27,NA,NA,NA,NA,NA,NA,NA,NA,NA,NA,NA,NA,NA,NA,NA
"M182",34,1,43.5,4.6,40.1,2.1,7.9,0.5,0.3,74.7,975,929,93,103,1126,2100
"M183",37,0.5,40,4.8,45,1.7,7.4,0.3,0.3,77,1605,1032,152,162,1346,2951
"M184",56,NA,NA,NA,NA,NA,NA,NA,NA,NA,NA,NA,NA,NA,NA,NA
"M185",23,NA,NA,NA,NA,NA,NA,NA,NA,NA,NA,NA,NA,NA,NA,NA
"M186",48,0.93586984895874,40.3472199209003,4.10928613179963,44.5850599447023,0.730177951171317,8.50266916914417,0.371266391817412,0.418450641506126,NA,NA,NA,NA,NA,NA,NA
"M187",38,NA,NA,NA,NA,NA,NA,NA,NA,NA,NA,NA,NA,NA,NA,NA
"M188",31,1.12687339082165,45.8950591804602,4.62070569934259,38.1512389091267,0.58020730639076,8.99503450229322,0.316912125888002,0.31396888567689,NA,NA,NA,NA,NA,NA,NA
"M189",36,NA,NA,NA,NA,NA,NA,NA,NA,NA,NA,NA,NA,NA,NA,NA
"M19",30,NA,NA,NA,NA,NA,NA,NA,NA,NA,NA,NA,NA,NA,NA,NA
"M190",32,0.4,39.3,5.2,45.3,1.7,7.4,0.3,0.4,75.5,128,255,9,22,286,414
"M191",30,NA,NA,NA,NA,NA,NA,NA,NA,NA,NA,NA,NA,NA,NA,NA
"M192",28,1.2,47.1,5,33.6,1.7,10.6,0.4,0.4,82,62,90,7,16,114,176
"M193",36,1.3,44.5,4.8,36.8,1.8,10.1,0.3,0.4,78.4,393,632,25,35,691,1084
"M194",29,NA,NA,NA,NA,NA,NA,NA,NA,NA,NA,NA,NA,NA,NA,NA
"M195",34,0.843708318990534,42.250811424251,5.03683547731741,41.8331371573304,0.583572752170693,8.81233250891844,0.255199395415223,0.384402965606321,NA,NA,NA,NA,NA,NA,NA
"M196",76,0.6,40.2,4,40.8,2.4,10.8,0.6,0.5,54,155,153,42,49,245,400
"M197",35,1.52477764048662,44.1397324078793,5.0351539507661,37.7536755609964,0.562657013298205,10.2857650560084,0.215118847921459,0.4831195226435,NA,NA,NA,NA,NA,NA,NA
"M198",57,0.8,46.9,3.6,37,1.8,9.1,0.4,0.5,71.5,171,259,9,49,317,488
"M199",36,1.16640085896567,43.1982598400678,6.22740128378999,36.5439681517979,0.450768463922172,11.5477001251386,0.377455940778095,0.488045335539729,NA,NA,NA,NA,NA,NA,NA
"M2",44,0.2,26.3,6.2,59.7,0.6,5.8,0.7,0.5,73.9,1464,1811,102,242,2155,3619
"M20",25,NA,NA,NA,NA,NA,NA,NA,NA,NA,NA,NA,NA,NA,NA,NA
"M200",26,0.9,41.1,5.1,41.5,1.7,9.2,0.3,0.3,79.3,489,449,19,58,525,1014
"M201",37,1.39919979078379,45.0301764900153,4.84284554340051,37.2904050346776,0.548387438464237,10.3212583427541,0.238570561184217,0.329156798720227,NA,NA,NA,NA,NA,NA,NA
"M202",47,NA,NA,NA,NA,NA,NA,NA,NA,NA,NA,NA,NA,NA,NA,NA
"M203",28,0.956463662626884,42.5909848822593,5.50125633022552,38.5376760633405,0.522417482263967,11.1898046082303,0.345211611227025,0.356185359826464,NA,NA,NA,NA,NA,NA,NA
"M204",34,0.8,42.6,4.5,41.4,2.2,7.9,0.4,0.2,76.8,286,340,15,27,381,667
"M205",34,NA,NA,NA,NA,NA,NA,NA,NA,NA,NA,NA,NA,NA,NA,NA
"M206",42,NA,NA,NA,NA,NA,NA,NA,NA,NA,NA,NA,NA,NA,NA,NA
"M207",38,1.15475178376518,44.7659383569115,4.53533207055304,39.4529732693436,0.677090729226683,8.72668966076463,0.414379983079627,0.272844146355717,NA,NA,NA,NA,NA,NA,NA
"M208",32,1,44.6,4.4,38.8,1.8,8.9,0.2,0.3,81.5,NA,NA,NA,NA,NA,NA
"M209",29,0.6,37.6,6.8,43,1.8,9.5,0.3,0.4,81.5,477,337,25,32,395,872
"M21",23,NA,NA,NA,NA,NA,NA,NA,NA,NA,NA,NA,NA,NA,NA,NA
"M210",53,NA,NA,NA,NA,NA,NA,NA,NA,NA,NA,NA,NA,NA,NA,NA
"M211",37,NA,NA,NA,NA,NA,NA,NA,NA,NA,NA,NA,NA,NA,NA,NA
"M212",25,0.8,43,5.3,38,1.7,10.7,0.2,0.4,83.2,110,172,11,17,200,310
"M213",32,NA,NA,NA,NA,NA,NA,NA,NA,NA,NA,NA,NA,NA,NA,NA
"M214",41,NA,NA,NA,NA,NA,NA,NA,NA,NA,NA,NA,NA,NA,NA,NA
"M215",41,NA,NA,NA,NA,NA,NA,NA,NA,NA,NA,NA,NA,NA,NA,NA
"M216",25,NA,NA,NA,NA,NA,NA,NA,NA,NA,NA,NA,NA,NA,NA,NA
"M217",25,0.8,38.5,7,40.9,1.7,10.5,0.3,0.4,82.2,273,237,15,39,292,565
"M218",72,NA,NA,NA,NA,NA,NA,NA,NA,NA,NA,NA,NA,NA,NA,NA
"M219",20,1.1,41.3,5.4,38.5,1.9,10.7,0.4,0.7,85.6,188,216,15,48,280,468
"M22",29,NA,NA,NA,NA,NA,NA,NA,NA,NA,NA,NA,NA,NA,NA,NA
"M220",23,0.6,37.9,5.8,41.7,1.7,11.7,0.2,0.4,83.3,208,237,10,23,271,478
"M221",43,NA,NA,NA,NA,NA,NA,NA,NA,NA,NA,NA,NA,NA,NA,NA
"M222",38,NA,NA,NA,NA,NA,NA,NA,NA,NA,NA,NA,NA,NA,NA,NA
"M223",35,0.8,39.1,5.8,42.7,1.3,9.3,0.4,0.5,78.5,655,972,146,277,1394,2049
"M224",34,0.6,41.7,5.8,42.4,0.6,8.2,0.3,0.4,84,120,292,23,88,403,523
"M225",27,0.2,28.5,9.5,53.2,0,7.8,0.3,0.5,83,274,871,55,193,1119,1394
"M226",33,NA,NA,NA,NA,NA,NA,NA,NA,NA,NA,NA,NA,NA,NA,NA
"M227",25,NA,NA,NA,NA,NA,NA,NA,NA,NA,NA,NA,NA,NA,NA,NA
"M228",26,1.1,45.5,4.6,35.2,1.3,11.8,0.3,0.3,86.1,157,205,28,50,283,440
"M229",17,1.3,49.1,4.4,31.5,1.3,11.8,0.3,0.3,NA,122,218,42,56,315,438
"M23",20,NA,NA,NA,NA,NA,NA,NA,NA,NA,NA,NA,NA,NA,NA,NA
"M230",25,NA,NA,NA,NA,NA,NA,NA,NA,NA,NA,NA,NA,NA,NA,NA
"M231",30,0.5,40.6,5.7,41.9,1.3,9.5,0,0.5,NA,156,194,37,32,263,418
"M232",22,0.4,37.9,6.2,43.9,1.1,9.7,0.3,0.5,NA,144,294,40,67,401,545
"M233",24,NA,NA,NA,NA,NA,NA,NA,NA,NA,NA,NA,NA,NA,NA,NA
"M234",24,0.463883068468674,39.4483613977728,5.31739448209611,45.1206799737866,0.600273199631326,8.29616067965111,0.238002398275055,0.515244800318323,NA,NA,NA,NA,NA,NA,NA
"M235",20,0.249235062557948,31.7108024415501,5.93040825377372,50.1918957261809,0.564887427824714,10.6236886284165,0.315828315821385,0.413254143874763,NA,NA,NA,NA,NA,NA,NA
"M236",29,NA,NA,NA,NA,NA,NA,NA,NA,NA,NA,NA,NA,NA,NA,NA
"M237",23,0.416156165141537,40.3554849709644,4.66732968977111,45.8873972363958,0.679199084204766,7.29306557605852,0.334898299910435,0.366468977553515,NA,NA,NA,NA,NA,NA,NA
"M238",23,0.514121798166984,42.7230998624607,4.94928498357736,42.3513115099406,0.609466345830716,8.3302168322512,0.158596329950412,0.363902337822007,NA,NA,NA,NA,NA,NA,NA
"M239",23,0.281984355198972,35.352325167308,7.94779213803514,46.601224564073,0.390222182578194,8.76191199823365,0.208897666627009,0.455641927946022,NA,NA,NA,NA,NA,NA,NA
"M24",20,NA,NA,NA,NA,NA,NA,NA,NA,NA,NA,NA,NA,NA,NA,NA
"M240",22,NA,NA,NA,NA,NA,NA,NA,NA,NA,NA,NA,NA,NA,NA,NA
"M241",31,0.5,36.3,6.5,48.5,1.4,6.2,0.3,0.4,81.5,798,782,84,193,1059,1857
"M242",33,0.2,29.1,8.1,53.8,0.6,7.6,0.2,0.4,81.1,416,252,47,92,391,807
"M243",24,0.4,41.6,6.1,42.1,0.7,8.7,0.1,0.5,NA,188,248,68,72,387,575
"M244",46,NA,NA,NA,NA,NA,NA,NA,NA,NA,NA,NA,NA,NA,NA,NA
"M245",29,NA,NA,NA,NA,NA,NA,NA,NA,NA,NA,NA,NA,NA,NA,NA
"M246",22,0.5,39.5,6.7,42.1,1.8,8.8,0.3,0.4,85.2,488,252,19,40,311,799
"M247",42,0.6,41.2,5.3,40.2,2,9.9,0.4,0.3,75.3,550,640,54,67,761,1311
"M248",37,0.3,33,7.3,50.9,1.9,6,0.3,0.3,78.6,1338,455,63,110,628,1965
"M249",18,NA,NA,NA,NA,NA,NA,NA,NA,NA,NA,NA,NA,NA,NA,NA
"M25",41,0.7,41.6,4.5,42.1,0.6,9.9,0.4,0.3,67.6,115,60,52,34,146,261
"M250",34,0.6,40.2,6.1,38.5,1.6,12.2,0.3,0.4,NA,111,202,16,28,246,357
"M251",45,1.1,47.7,4.3,33.5,1.6,11,0.3,0.5,76.3,178,272,15,23,309,488
"M252",38,NA,NA,NA,NA,NA,NA,NA,NA,NA,NA,NA,NA,NA,NA,NA
"M253",25,0.6,40.6,5.9,40.2,1.7,10.4,0.3,0.3,81.8,277,281,17,27,326,602
"M254",26,NA,NA,NA,NA,NA,NA,NA,NA,NA,NA,NA,NA,NA,NA,NA
"M255",30,0.5,37.9,4.5,47.6,1.8,7.1,0.2,0.4,83.2,123,120,7,28,155,278
"M256",23,NA,NA,NA,NA,NA,NA,NA,NA,NA,NA,NA,NA,NA,NA,NA
"M257",28,NA,NA,NA,NA,NA,NA,NA,NA,NA,NA,NA,NA,NA,NA,NA
"M258",38,0.5,45.4,6.1,35.6,1.7,10,0.4,0.4,75.6,378,417,16,32,464,842
"M259",26,NA,NA,NA,NA,NA,NA,NA,NA,NA,NA,NA,NA,NA,NA,NA
"M26",21,NA,NA,NA,NA,NA,NA,NA,NA,NA,NA,NA,NA,NA,NA,NA
"M260",33,0.8,42.3,4.3,42.1,1.9,8.1,0.3,0.3,78.1,493,547,23,73,643,1137
"M261",33,NA,NA,NA,NA,NA,NA,NA,NA,NA,NA,NA,NA,NA,NA,NA
"M262",23,0.6,40.3,4.8,43.7,1.8,8.2,0.2,0.4,82,369,185,12,44,240,610
"M263",30,1,43.4,6,35.7,1.5,11.4,0.5,0.5,80.7,590,741,37,49,827,1417
"M264",25,0.56810077073797,37.6002246504569,5.46553195347582,48.4212826464872,0.558815185664703,6.69474036952666,0.292004976307954,0.399299447342829,NA,NA,NA,NA,NA,NA,NA
"M265",31,NA,NA,NA,NA,NA,NA,NA,NA,NA,NA,NA,NA,NA,NA,NA
"M266",30,0.7,43.2,4.6,40.2,1.9,8.6,0.4,0.4,73.3,888,703,42,140,884,1772
"M267",23,0.5,40.3,4.7,45.3,1.9,6.9,0.2,0.3,83.7,754,469,31,50,550,1304
"M268",20,0.735244730624277,40.4376965416149,5.29713979401488,43.9563610411614,0.515162403123479,8.41570085033127,0.334565324282362,0.308129314847505,NA,NA,NA,NA,NA,NA,NA
"M269",47,1,49,4.8,32.8,1.6,10.1,0.4,0.3,74.3,497,422,25,41,488,985
"M27",18,NA,NA,NA,NA,NA,NA,NA,NA,NA,NA,NA,NA,NA,NA,NA
"M270",26,0.74546283483311,39.6469936365835,5.74426156021418,43.8000465001486,0.488924169380401,8.6625547006496,0.435936397270584,0.475820200920058,NA,NA,NA,NA,NA,NA,NA
"M271",32,0.8,43.2,5.4,38.2,1.7,10,0.3,0.4,80,172,275,13,19,307,478
"M272",20,0.5,41.8,6.2,40.4,1.8,8.9,0.2,0.2,82.9,372,304,17,25,345,717
"M273",44,0.758605629350188,43.7237583577834,3.94219345205947,42.8771780599324,0.74351389119711,7.20083020451719,0.476187734449057,0.277732670711235,NA,NA,NA,NA,NA,NA,NA
"M274",25,1,46.8,4.5,37.1,1.5,8.7,0,0.4,NA,136,86,46,33,165,302
"M275",36,0.1,26,8.2,55.8,0,9,0.4,0.5,78.5,NA,NA,NA,NA,NA,NA
"M276",44,0.3,32.5,7.6,46.5,0.8,11,0.5,0.6,NA,361,911,77,272,1259,1621
"M277",26,NA,NA,NA,NA,NA,NA,NA,NA,NA,NA,NA,NA,NA,NA,NA
"M278",34,0.2,30.9,10.7,49.8,0.4,7.1,0.3,0.6,81.4,97,260,16,33,309,406
"M279",32,NA,NA,NA,NA,NA,NA,NA,NA,NA,NA,NA,NA,NA,NA,NA
"M28",23,NA,NA,NA,NA,NA,NA,NA,NA,NA,NA,NA,NA,NA,NA,NA
"M280",36,1.3,40.1,5,42.1,1.4,9.3,0.4,0.4,80.5,376,266,56,70,392,768
"M281",36,NA,NA,NA,NA,NA,NA,NA,NA,NA,NA,NA,NA,NA,NA,NA
"M282",44,0.9,44.6,5.5,36.8,1.6,9.8,0.4,0.3,74,227,349,21,36,406,633
"M283",29,1.14448636623914,41.5342047391119,4.95212915831304,38.7874524527389,0.618963217555078,12.2288381486256,0.326533399205994,0.407392518210383,NA,NA,NA,NA,NA,NA,NA
"M284",34,0.756842493151738,42.8976166076852,4.83221737031595,42.1650706133783,0.628570896201967,8.00783169665121,0.348332603669666,0.363517718945983,NA,NA,NA,NA,NA,NA,NA
"M285",26,0.5,40.9,4.6,44.5,2.6,6.8,0.1,0.1,NA,419,251,18,55,323,742
"M286",18,0.741245659901927,41.332276158287,4.84609134413043,42.8215084284832,0.645707406268172,9.04073227015496,0.251007910772176,0.321430822002143,NA,NA,NA,NA,NA,NA,NA
"M287",37,1.46546108811478,48.1002377805515,5.08122894414995,34.7929559627733,0.536035784469542,9.33734337035149,0.324615367691973,0.3621217018975,NA,NA,NA,NA,NA,NA,NA
"M288",32,1.01048396296928,41.0148399778207,5.15971397075933,41.9098188854574,0.62528305714975,9.71840332877762,0.221437794673255,0.340019022392692,NA,NA,NA,NA,NA,NA,NA
"M289",40,0.8,41.6,4.6,40.8,2.5,9.3,0.3,0.1,80.3,NA,NA,NA,NA,NA,NA
"M29",23,0.5,43.4,4.5,44.6,0.7,5.9,0,0.4,84.1,120,140,23,49,212,332
"M290",47,1.1,42.1,4.5,40.8,2.2,8.6,0.4,0.3,74.3,302,408,34,31,473,775
"M291",31,0.698760476582477,40.7740664263844,4.65295802861793,42.5114969952775,0.624287383969343,10.1196890551274,0.255491253788029,0.363250380253024,NA,NA,NA,NA,NA,NA,NA
"M292",23,NA,NA,NA,NA,NA,NA,NA,NA,NA,NA,NA,NA,NA,NA,NA
"M293",24,0.947812442389817,42.2043895455563,5.34735243590488,37.6302920834428,0.509647092471437,12.5032612593139,0.338066226089104,0.519178914831738,NA,NA,NA,NA,NA,NA,NA
"M294",24,NA,NA,NA,NA,NA,NA,NA,NA,83,295,314,14,25,352,647
"M295",31,NA,NA,NA,NA,NA,NA,NA,NA,NA,NA,NA,NA,NA,NA,NA
"M296",34,0.5,40,5.7,41.4,2.1,10.1,0.2,0,84.4,165,214,11,20,244,409
"M297",21,NA,NA,NA,NA,NA,NA,NA,NA,NA,NA,NA,NA,NA,NA,NA
"M298",20,0.881538338024721,42.4592944244122,4.4540944411868,41.0622671047756,0.630920581866943,9.95700175129365,0.209308936061174,0.345574422378952,NA,NA,NA,NA,NA,NA,NA
"M299",40,NA,NA,NA,NA,NA,NA,NA,NA,NA,NA,NA,NA,NA,NA,NA
"M3",30,NA,NA,NA,NA,NA,NA,NA,NA,NA,NA,NA,NA,NA,NA,NA
"M30",22,NA,NA,NA,NA,NA,NA,NA,NA,NA,NA,NA,NA,NA,NA,NA
"M300",28,0.8,37.6,6.4,42.2,1.8,10.6,0.2,0.4,81.3,304,356,22,50,428,733
"M301",45,0.66564445858569,44.8393106668821,4.06280446332452,38.8890841389737,0.687976219631254,10.110117922389,0.412583500261927,0.332478629951838,NA,NA,NA,NA,NA,NA,NA
"M302",39,NA,NA,NA,NA,NA,NA,NA,NA,NA,NA,NA,NA,NA,NA,NA
"M303",47,1.0904151242981,42.7298061902302,4.65579777109945,39.3351848061603,0.626963019425687,10.6888974587266,0.405875338748538,0.46706029131104,NA,NA,NA,NA,NA,NA,NA
"M304",24,0.6,41.9,5.1,39.8,1.8,10.2,0.3,0.3,85,293,215,22,36,273,566
"M305",26,0.835993552413982,43.3501141786183,5.3732497524163,38.963682344868,0.510117350826532,10.2734393997677,0.28432972707071,0.409073694018404,NA,NA,NA,NA,NA,NA,NA
"M306",39,0.851406606139573,45.7094588526663,4.63080194923309,36.3176252432991,0.620586584469513,11.1983788613159,0.255099226720446,0.416642676156082,NA,NA,NA,NA,NA,NA,NA
"M31",20,0.8,43.9,2.9,41.3,1.8,8.6,0.4,0.4,80,303,679,78,178,935,1237
"M32",20,0.9,41,4.9,45.4,0.8,6.3,0.3,0.5,78.5,338,398,69,119,587,925
"M33",24,NA,NA,NA,NA,NA,NA,NA,NA,NA,NA,NA,NA,NA,NA,NA
"M34",21,NA,NA,NA,NA,NA,NA,NA,NA,NA,NA,NA,NA,NA,NA,NA
"M35",20,1.9,45.9,4.9,35.4,0.6,10.3,0.5,0.5,76.2,842,1096,115,196,1407,2249
"M36",25,NA,NA,NA,NA,NA,NA,NA,NA,NA,NA,NA,NA,NA,NA,NA
"M37",21,NA,NA,NA,NA,NA,NA,NA,NA,NA,NA,NA,NA,NA,NA,NA
"M38",14,1.3,48.6,4.9,35.3,1.4,7.6,0.3,0.5,79.5,326,384,53,75,512,838
"M39",23,NA,NA,NA,NA,NA,NA,NA,NA,NA,NA,NA,NA,NA,NA,NA
"M4",22,NA,NA,NA,NA,NA,NA,NA,NA,NA,NA,NA,NA,NA,NA,NA
"M40",19,0.4,39.3,4.7,46.4,0.7,8,0.1,0.4,81.8,338,244,37,95,375,713
"M41",30,NA,NA,NA,NA,NA,NA,NA,NA,NA,NA,NA,NA,NA,NA,NA
"M42",24,NA,NA,NA,NA,NA,NA,NA,NA,NA,NA,NA,NA,NA,NA,NA
"M43",20,NA,NA,NA,NA,NA,NA,NA,NA,NA,NA,NA,NA,NA,NA,NA
"M44",37,NA,NA,NA,NA,NA,NA,NA,NA,NA,NA,NA,NA,NA,NA,NA
"M45",19,0.7,43.4,3.7,41.5,1.6,8.3,0.3,0.4,83.3,233,116,36,42,194,427
"M46",26,1.4,45.3,3.5,40.2,1.3,7.5,0.4,0.4,83.5,NA,NA,NA,NA,NA,NA
"M47",68,NA,NA,NA,NA,NA,NA,NA,NA,NA,NA,NA,NA,NA,NA,NA
"M48",19,1.2,47.2,3.6,39,0.8,7.9,0.1,0.2,NA,262,182,51,43,276,538
"M49",18,1.8,49.2,3.5,33.6,1.4,9.9,0.3,0.4,84.6,86,98,30,37,164,250
"M5",28,NA,NA,NA,NA,NA,NA,NA,NA,NA,NA,NA,NA,NA,NA,NA
"M50",40,NA,NA,NA,NA,NA,NA,NA,NA,NA,NA,NA,NA,NA,NA,NA
"M51",30,1.6,47,3.4,39.1,1.6,6.8,0.4,0.1,83.4,NA,NA,NA,NA,NA,NA
"M52",22,NA,NA,NA,NA,NA,NA,NA,NA,NA,NA,NA,NA,NA,NA,NA
"M53",18,NA,NA,NA,NA,NA,NA,NA,NA,NA,NA,NA,NA,NA,NA,NA
"M54",19,NA,NA,NA,NA,NA,NA,NA,NA,NA,NA,NA,NA,NA,NA,NA
"M55",31,NA,NA,NA,NA,NA,NA,NA,NA,NA,NA,NA,NA,NA,NA,NA
"M56",25,NA,NA,NA,NA,NA,NA,NA,NA,NA,NA,NA,NA,NA,NA,NA
"M57",41,NA,NA,NA,NA,NA,NA,NA,NA,NA,NA,NA,NA,NA,NA,NA
"M58",34,NA,NA,NA,NA,NA,NA,NA,NA,NA,NA,NA,NA,NA,NA,NA
"M59",20,NA,NA,NA,NA,NA,NA,NA,NA,NA,NA,NA,NA,NA,NA,NA
"M6",22,0.3,37.5,7.4,44.1,1.1,9,0.1,0.6,79.5,66,118,19,36,173,239
"M60",26,NA,NA,NA,NA,NA,NA,NA,NA,NA,NA,NA,NA,NA,NA,NA
"M61",28,NA,NA,NA,NA,NA,NA,NA,NA,NA,NA,NA,NA,NA,NA,NA
"M62",20,NA,NA,NA,NA,NA,NA,NA,NA,NA,NA,NA,NA,NA,NA,NA
"M63",19,NA,NA,NA,NA,NA,NA,NA,NA,NA,NA,NA,NA,NA,NA,NA
"M64",24,NA,NA,NA,NA,NA,NA,NA,NA,NA,NA,NA,NA,NA,NA,NA
"M65",22,NA,NA,NA,NA,NA,NA,NA,NA,NA,NA,NA,NA,NA,NA,NA
"M66",43,NA,NA,NA,NA,NA,NA,NA,NA,NA,NA,NA,NA,NA,NA,NA
"M67",25,NA,NA,NA,NA,NA,NA,NA,NA,NA,NA,NA,NA,NA,NA,NA
"M68",23,NA,NA,NA,NA,NA,NA,NA,NA,NA,NA,NA,NA,NA,NA,NA
"M69",20,0.9,42.8,4.6,40.6,0.6,9.7,0.3,0.5,80.3,NA,NA,NA,NA,NA,NA
"M7",37,0.2,29.4,7.4,55.2,1.2,5.9,0.4,0.5,77,944,650,100,240,990,1933
"M70",46,1.4,41.1,4.2,44,0,8.5,0.5,0.4,72.6,837,1739,108,324,2171,3008
"M71",26,NA,NA,NA,NA,NA,NA,NA,NA,NA,NA,NA,NA,NA,NA,NA
"M72",38,0.8,45.2,5,39.9,1.3,6.9,0.4,0.5,76.7,390,1529,132,234,1895,2285
"M73",31,0.4,33.2,7.1,52.5,0,6.1,0.3,0.4,79.3,163,257,32,39,327,490
"M74",26,0.5,38.8,9,38.8,0.8,11.1,0.3,0.6,84.6,NA,NA,NA,NA,NA,NA
"M75",23,NA,NA,NA,NA,NA,NA,NA,NA,NA,NA,NA,NA,NA,NA,NA
"M76",26,NA,NA,NA,NA,NA,NA,NA,NA,NA,NA,NA,NA,NA,NA,NA
"M77",24,NA,NA,NA,NA,NA,NA,NA,NA,NA,NA,NA,NA,NA,NA,NA
"M78",20,NA,NA,NA,NA,NA,NA,NA,NA,NA,NA,NA,NA,NA,NA,NA
"M79",34,0.6,39.8,4,49,1.6,4,0.5,0.4,74.7,1929,1248,135,358,1742,3671
"M8",28,0.2,31,6.7,52.7,1.4,7.2,0.4,0.4,NA,537,497,103,120,720,1257
"M80",33,NA,NA,NA,NA,NA,NA,NA,NA,NA,NA,NA,NA,NA,NA,NA
"M81",20,1.2,44,4.4,38.2,1.3,10.4,0.2,0.3,87.8,NA,NA,NA,NA,NA,NA
"M82",35,NA,NA,NA,NA,NA,NA,NA,NA,NA,NA,NA,NA,NA,NA,NA
"M83",27,NA,NA,NA,NA,NA,NA,NA,NA,NA,NA,NA,NA,NA,NA,NA
"M84",32,0.2,28.5,6,56,1,7.5,0.3,0.4,76.1,622,822,80,115,1017,1640
"M85",30,NA,NA,NA,NA,NA,NA,NA,NA,NA,NA,NA,NA,NA,NA,NA
"M86",17,NA,NA,NA,NA,NA,NA,NA,NA,NA,NA,NA,NA,NA,NA,NA
"M87",37,NA,NA,NA,NA,NA,NA,NA,NA,NA,NA,NA,NA,NA,NA,NA
"M88",21,0.3,28.9,5.7,52.7,0.5,11,0.4,0.4,82.7,272,302,75,78,455,727
"M89",22,NA,NA,NA,NA,NA,NA,NA,NA,NA,NA,NA,NA,NA,NA,NA
"M9",32,0.7,33,8.8,48.6,1.1,7.1,0.3,0.4,NA,546,360,62,82,503,1049
"M90",24,NA,NA,NA,NA,NA,NA,NA,NA,NA,NA,NA,NA,NA,NA,NA
"M91",31,0.7,41,4.6,45.2,1.5,6.3,0.3,0.4,72.7,442,970,105,173,1248,1691
"M92",31,NA,NA,NA,NA,NA,NA,NA,NA,NA,NA,NA,NA,NA,NA,NA
"M93",21,NA,NA,NA,NA,NA,NA,NA,NA,NA,NA,NA,NA,NA,NA,NA
"M94",52,NA,NA,NA,NA,NA,NA,NA,NA,NA,NA,NA,NA,NA,NA,NA
"M95",22,NA,NA,NA,NA,NA,NA,NA,NA,NA,NA,NA,NA,NA,NA,NA
"M96",25,0.4,35.6,6.3,47.3,0.9,8.5,0.4,0.5,NA,NA,NA,NA,NA,NA,NA
"M97",21,0.3,33.3,7.1,49.7,1,7.7,0.3,0.5,78.9,219,129,35,43,206,425
"M98",27,NA,NA,NA,NA,NA,NA,NA,NA,NA,NA,NA,NA,NA,NA,NA
"M99",29,1.3,47.8,3.6,35,1.3,10.2,0.3,0.4,81.2,NA,NA,NA,NA,NA,NA
