Compose;ID_Pretraitement;Code_R_Pretraitement;Meilleurs_Hyperparam_XGB;Rc;R2cv;RMSEC;RMSECV
ratio.alpha.natif;1;list('adj',''), list('snv',''), list('sder',c(1,3,5));{'subsample': 0.7, 'n_estimators': 500, 'max_depth': 3, 'learning_rate': 0.05, 'colsample_bytree': 0.3};1.0;0.2497;0.0003;0.0374
ratio.alpha.natif;2;list('adj',''), list('snv',''), list('sder',c(2,3,15));{'subsample': 0.7, 'n_estimators': 200, 'max_depth': 5, 'learning_rate': 0.1, 'colsample_bytree': 0.5};1.0;0.2701;0.0003;0.0369
ratio.alpha.natif;3;list('adj',''), list('red',c(1,1300,1));{'subsample': 0.8, 'n_estimators': 100, 'max_depth': 7, 'learning_rate': 0.01, 'colsample_bytree': 0.5};0.9758;-0.0566;0.0251;0.0444
ratio.alpha.natif;4;list('adj',''),list('red',c(950,700,1)),list('snv','');{'subsample': 0.8, 'n_estimators': 100, 'max_depth': 7, 'learning_rate': 0.01, 'colsample_bytree': 0.5};0.9821;0.0484;0.0234;0.0421
ratio.alpha.natif;5;list('adj',''),list('red',c(950,750,1)),list('snv','');{'subsample': 0.8, 'n_estimators': 200, 'max_depth': 3, 'learning_rate': 0.01, 'colsample_bytree': 0.5};0.9113;0.0408;0.0243;0.0423
ratio.alpha.natif;6;list('adj',''), list('red',c(1,1000,1)), list('snv','');{'subsample': 0.8, 'n_estimators': 200, 'max_depth': 3, 'learning_rate': 0.01, 'colsample_bytree': 0.5};0.915;0.1756;0.0243;0.0392
ratio.alpha.natif;7;list('adj',''), list('red',c(1,1300,1)), list('snv','');{'subsample': 0.8, 'n_estimators': 200, 'max_depth': 3, 'learning_rate': 0.01, 'colsample_bytree': 0.5};0.899;0.1697;0.025;0.0393
ratio.alpha.natif;8;list('adj',''), list('red',c(1,1200,1)), list('snv',''), list('sder',c(2,3,15));{'subsample': 0.7, 'n_estimators': 300, 'max_depth': 10, 'learning_rate': 0.01, 'colsample_bytree': 0.5};0.9952;0.1569;0.0089;0.0396
ratio.alpha.natif;9;list('adj',''), list('red',c(1,1300,1)), list('snv',''), list('sder',c(0, 2, 9));{'subsample': 0.8, 'n_estimators': 200, 'max_depth': 3, 'learning_rate': 0.01, 'colsample_bytree': 0.5};0.8969;0.1816;0.025;0.0391
ratio.alpha.natif;10;list('adj',''), list('red',c(1,1300,1)), list('snv',''), list('sder',c(0, 2, 15));{'subsample': 0.8, 'n_estimators': 200, 'max_depth': 3, 'learning_rate': 0.01, 'colsample_bytree': 0.5};0.8939;0.1593;0.0253;0.0396
ratio.alpha.natif;11;list('adj',''), list('red',c(1,1300,1)), list('snv',''), list('sder',c(0, 2, 21));{'subsample': 0.9, 'n_estimators': 100, 'max_depth': 5, 'learning_rate': 0.01, 'colsample_bytree': 0.8};0.9541;0.1946;0.0246;0.0387
ratio.alpha.natif;12;list('adj',''), list('red',c(1,1300,1)), list('snv',''), list('sder',c(0, 2, 31));{'subsample': 0.8, 'n_estimators': 200, 'max_depth': 3, 'learning_rate': 0.01, 'colsample_bytree': 0.5};0.8954;0.1686;0.0252;0.0394
ratio.alpha.natif;13;list('adj',''), list('red',c(1,1300,1)), list('snv',''), list('sder',c(0, 3, 15));{'subsample': 0.8, 'n_estimators': 200, 'max_depth': 3, 'learning_rate': 0.01, 'colsample_bytree': 0.5};0.8945;0.1659;0.0253;0.0394
ratio.alpha.natif;14;list('adj',''), list('red',c(1,1300,1)), list('snv',''), list('sder',c(0, 3, 21));{'subsample': 0.9, 'n_estimators': 100, 'max_depth': 5, 'learning_rate': 0.01, 'colsample_bytree': 0.8};0.9542;0.1966;0.0246;0.0387
ratio.alpha.natif;15;list('adj',''), list('red',c(1,1300,1)), list('snv',''), list('sder',c(0, 3, 25));{'subsample': 0.9, 'n_estimators': 300, 'max_depth': 7, 'learning_rate': 0.05, 'colsample_bytree': 0.8};1.0;0.2486;0.0005;0.0374
ratio.alpha.natif;16;list('adj',''), list('red',c(1,1300,1)), list('snv',''), list('sder',c(0, 3, 31));{'subsample': 0.8, 'n_estimators': 200, 'max_depth': 3, 'learning_rate': 0.01, 'colsample_bytree': 0.5};0.897;0.1722;0.0252;0.0393
ratio.alpha.natif;17;list('adj',''), list('red',c(1,1300,1)), list('snv',''), list('sder',c(1, 2, 5));{'subsample': 0.8, 'n_estimators': 300, 'max_depth': 7, 'learning_rate': 0.1, 'colsample_bytree': 0.5};1.0;0.1649;0.0003;0.0394
ratio.alpha.natif;18;list('adj',''), list('red',c(1,1300,1)), list('snv',''), list('sder',c(1, 2, 9));{'subsample': 0.7, 'n_estimators': 100, 'max_depth': 7, 'learning_rate': 0.05, 'colsample_bytree': 0.3};0.9984;0.1418;0.0039;0.04
ratio.alpha.natif;19;list('adj',''), list('red',c(1,1300,1)), list('snv',''), list('sder',c(1, 2, 11));{'subsample': 0.8, 'n_estimators': 300, 'max_depth': 7, 'learning_rate': 0.1, 'colsample_bytree': 0.5};1.0;0.214;0.0003;0.0383
ratio.alpha.natif;20;list('adj',''), list('red',c(1,1300,1)), list('snv',''), list('sder',c(1, 2, 15));{'subsample': 0.9, 'n_estimators': 200, 'max_depth': 3, 'learning_rate': 0.05, 'colsample_bytree': 0.3};0.9987;0.2463;0.0029;0.0375
ratio.alpha.natif;21;list('adj',''), list('red',c(1,1300,1)), list('snv',''), list('sder',c(1, 2, 21));{'subsample': 0.8, 'n_estimators': 500, 'max_depth': 3, 'learning_rate': 0.01, 'colsample_bytree': 0.8};0.9879;0.2755;0.0093;0.0367
ratio.alpha.natif;22;list('adj',''), list('red',c(1,1300,1)), list('snv',''), list('sder',c(1, 2, 25));{'subsample': 0.9, 'n_estimators': 300, 'max_depth': 7, 'learning_rate': 0.05, 'colsample_bytree': 0.5};1.0;0.2668;0.0004;0.037
ratio.alpha.natif;23;list('adj',''), list('red',c(1,1300,1)), list('snv',''), list('sder',c(1, 2, 31));{'subsample': 0.7, 'n_estimators': 500, 'max_depth': 3, 'learning_rate': 0.05, 'colsample_bytree': 0.3};1.0;0.2276;0.0004;0.0379
ratio.alpha.natif;24;list('adj',''), list('red',c(1,1300,1)), list('snv',''), list('sder',c(1, 2, 35));{'subsample': 0.7, 'n_estimators': 500, 'max_depth': 3, 'learning_rate': 0.05, 'colsample_bytree': 0.3};1.0;0.2202;0.0005;0.0381
ratio.alpha.natif;25;list('adj',''), list('red',c(1,1300,1)), list('snv',''), list('sder',c(1, 3, 5));{'subsample': 0.7, 'n_estimators': 300, 'max_depth': 5, 'learning_rate': 0.01, 'colsample_bytree': 0.5};0.9941;0.1489;0.0099;0.0398
ratio.alpha.natif;26;list('adj',''), list('red',c(1,1300,1)), list('snv',''), list('sder',c(1, 3, 9));{'subsample': 0.7, 'n_estimators': 300, 'max_depth': 5, 'learning_rate': 0.01, 'colsample_bytree': 0.5};0.9937;0.1285;0.0099;0.0403
ratio.alpha.natif;27;list('adj',''), list('red',c(1,1300,1)), list('snv',''), list('sder',c(1, 3, 11));{'subsample': 0.8, 'n_estimators': 200, 'max_depth': 7, 'learning_rate': 0.05, 'colsample_bytree': 0.3};1.0;0.2091;0.0004;0.0384
ratio.alpha.natif;28;list('adj',''), list('red',c(1,1300,1)), list('snv',''), list('sder',c(1, 3, 15));{'subsample': 0.7, 'n_estimators': 300, 'max_depth': 10, 'learning_rate': 0.01, 'colsample_bytree': 0.5};0.995;0.1392;0.0089;0.04
ratio.alpha.natif;29;list('adj',''), list('red',c(1,1300,1)), list('snv',''), list('sder',c(1, 3, 21));{'subsample': 0.8, 'n_estimators': 200, 'max_depth': 7, 'learning_rate': 0.05, 'colsample_bytree': 0.3};1.0;0.1772;0.0004;0.0392
ratio.alpha.natif;30;list('adj',''), list('red',c(1,1300,1)), list('snv',''), list('sder',c(1, 3, 25));{'subsample': 0.9, 'n_estimators': 300, 'max_depth': 7, 'learning_rate': 0.05, 'colsample_bytree': 0.8};1.0;0.2197;0.0004;0.0381
ratio.alpha.natif;31;list('adj',''), list('red',c(1,1300,1)), list('snv',''), list('sder',c(1, 3, 31));{'subsample': 0.7, 'n_estimators': 500, 'max_depth': 10, 'learning_rate': 0.1, 'colsample_bytree': 0.5};1.0;0.2567;0.0003;0.0372
ratio.alpha.natif;32;list('adj',''), list('red',c(1,1300,1)), list('snv',''), list('sder',c(1, 3, 35));{'subsample': 0.9, 'n_estimators': 300, 'max_depth': 7, 'learning_rate': 0.05, 'colsample_bytree': 0.5};1.0;0.3046;0.0004;0.036
ratio.alpha.natif;33;list('adj',''), list('red',c(1,1300,1)), list('snv',''), list('sder',c(2, 2, 9));{'subsample': 0.7, 'n_estimators': 300, 'max_depth': 10, 'learning_rate': 0.1, 'colsample_bytree': 0.8};1.0;0.1332;0.0003;0.0402
ratio.alpha.natif;34;list('adj',''), list('red',c(1,1300,1)), list('snv',''), list('sder',c(2, 2, 11));{'subsample': 0.8, 'n_estimators': 500, 'max_depth': 3, 'learning_rate': 0.01, 'colsample_bytree': 0.8};0.9952;0.2438;0.0069;0.0375
ratio.alpha.natif;35;list('adj',''), list('red',c(1,1300,1)), list('snv',''), list('sder',c(2, 2, 15));{'subsample': 0.7, 'n_estimators': 100, 'max_depth': 7, 'learning_rate': 0.05, 'colsample_bytree': 0.3};0.9987;0.1628;0.0036;0.0395
ratio.alpha.natif;36;list('adj',''), list('red',c(1,1300,1)), list('snv',''), list('sder',c(2, 2, 21));{'subsample': 0.8, 'n_estimators': 200, 'max_depth': 7, 'learning_rate': 0.05, 'colsample_bytree': 0.3};1.0;0.184;0.0004;0.039
ratio.alpha.natif;37;list('adj',''), list('red',c(1,1300,1)), list('snv',''), list('sder',c(2, 2, 25));{'subsample': 0.7, 'n_estimators': 500, 'max_depth': 10, 'learning_rate': 0.1, 'colsample_bytree': 0.5};1.0;0.2022;0.0003;0.0386
ratio.alpha.natif;38;list('adj',''), list('red',c(1,1300,1)), list('snv',''), list('sder',c(2, 2, 31));{'subsample': 0.7, 'n_estimators': 200, 'max_depth': 5, 'learning_rate': 0.1, 'colsample_bytree': 0.5};1.0;0.2374;0.0003;0.0377
ratio.alpha.natif;39;list('adj',''), list('red',c(1,1300,1)), list('snv',''), list('sder',c(2, 2, 35));{'subsample': 0.8, 'n_estimators': 300, 'max_depth': 7, 'learning_rate': 0.1, 'colsample_bytree': 0.5};1.0;0.2248;0.0003;0.038
ratio.alpha.natif;40;list('adj',''), list('red',c(1,1300,1)), list('snv',''), list('sder',c(2, 3, 9));{'subsample': 0.8, 'n_estimators': 500, 'max_depth': 7, 'learning_rate': 0.05, 'colsample_bytree': 0.8};1.0;0.1218;0.0003;0.0405
ratio.alpha.natif;41;list('adj',''), list('red',c(1,1300,1)), list('snv',''), list('sder',c(2, 3, 11));{'subsample': 0.9, 'n_estimators': 500, 'max_depth': 5, 'learning_rate': 0.2, 'colsample_bytree': 0.8};1.0;0.2603;0.0003;0.0371
ratio.alpha.natif;42;list('adj',''), list('red',c(1,1300,1)), list('snv',''), list('sder',c(2, 3, 15));{'subsample': 0.7, 'n_estimators': 500, 'max_depth': 10, 'learning_rate': 0.1, 'colsample_bytree': 0.5};1.0;0.1515;0.0003;0.0398
ratio.alpha.natif;43;list('adj',''), list('red',c(1,1300,1)), list('snv',''), list('sder',c(2, 3, 21));{'subsample': 0.8, 'n_estimators': 300, 'max_depth': 7, 'learning_rate': 0.1, 'colsample_bytree': 0.5};1.0;0.2008;0.0003;0.0386
ratio.alpha.natif;44;list('adj',''), list('red',c(1,1300,1)), list('snv',''), list('sder',c(2, 3, 25));{'subsample': 0.7, 'n_estimators': 500, 'max_depth': 10, 'learning_rate': 0.1, 'colsample_bytree': 0.5};1.0;0.2333;0.0003;0.0378
ratio.alpha.natif;45;list('adj',''), list('red',c(1,1300,1)), list('snv',''), list('sder',c(2, 3, 31));{'subsample': 0.8, 'n_estimators': 500, 'max_depth': 7, 'learning_rate': 0.05, 'colsample_bytree': 0.8};1.0;0.2461;0.0003;0.0375
ratio.alpha.natif;46;list('adj',''), list('red',c(1,1300,1)), list('snv',''), list('sder',c(2, 3, 35));{'subsample': 0.7, 'n_estimators': 100, 'max_depth': 7, 'learning_rate': 0.05, 'colsample_bytree': 0.3};0.9985;0.2232;0.0036;0.038
ratio.alpha.natif;47;list('adj',''), list('red',c(1,1400,1)), list('snv',''), list('sder',c(2,3,15));{'subsample': 0.8, 'n_estimators': 200, 'max_depth': 7, 'learning_rate': 0.05, 'colsample_bytree': 0.3};1.0;0.1936;0.0004;0.0388
ratio.alpha.natif;48;list('adj',''),list('red',c(40,1300,1)),list('snv',''),list('sder',c(2,3,15));{'subsample': 0.8, 'n_estimators': 200, 'max_depth': 7, 'learning_rate': 0.05, 'colsample_bytree': 0.3};1.0;0.1664;0.0004;0.0394
ratio.alpha.natif;49;list('adj',''), list('red',c(800,750,1)), list('snv',''), list('sder',c(2,3,15));{'subsample': 0.9, 'n_estimators': 300, 'max_depth': 7, 'learning_rate': 0.05, 'colsample_bytree': 0.5};1.0;0.2837;0.0004;0.0365
ratio.alpha.natif;50;list('adj',''), list('red',c(800,1100,1)), list('snv',''), list('sder',c(1,3,11));{'subsample': 0.8, 'n_estimators': 500, 'max_depth': 3, 'learning_rate': 0.01, 'colsample_bytree': 0.8};0.9883;0.2351;0.0095;0.0378
ratio.alpha.natif;51;list('adj',''), list('red',c(800,1100,1)), list('snv',''), list('sder',c(1,3,15));{'subsample': 0.7, 'n_estimators': 300, 'max_depth': 10, 'learning_rate': 0.01, 'colsample_bytree': 0.5};0.9947;0.1924;0.009;0.0388
ratio.alpha.natif;52;list('adj',''), list('red',c(800,1100,1)), list('snv',''), list('sder',c(2,3,15));{'subsample': 0.7, 'n_estimators': 300, 'max_depth': 5, 'learning_rate': 0.01, 'colsample_bytree': 0.5};0.9918;0.206;0.0106;0.0385
ratio.alpha.natif;53;list('adj',''), list('red',c(800,1100,1)), list('snv',''), list('sder',c(2,3,21));{'subsample': 0.7, 'n_estimators': 300, 'max_depth': 10, 'learning_rate': 0.01, 'colsample_bytree': 0.5};0.9946;0.2385;0.0089;0.0377
ratio.alpha.natif;54;list('adj',''),list('red',c(950,20,1)),list('snv',''),list('sder',c(1,3,15));{'subsample': 0.8, 'n_estimators': 200, 'max_depth': 7, 'learning_rate': 0.05, 'colsample_bytree': 0.3};1.0;0.2051;0.0004;0.0385
ratio.alpha.natif;55;list('adj',''),list('red',c(950,20,1)),list('snv',''),list('sder',c(2,3,15));{'subsample': 0.7, 'n_estimators': 500, 'max_depth': 3, 'learning_rate': 0.05, 'colsample_bytree': 0.3};1.0;0.2172;0.0003;0.0382
ratio.alpha.natif;56;list('adj',''), list('red',c(950,650,1)), list('snv',''), list('sder',c(2,3,15));{'subsample': 0.8, 'n_estimators': 300, 'max_depth': 7, 'learning_rate': 0.1, 'colsample_bytree': 0.5};1.0;0.2642;0.0003;0.037
ratio.alpha.natif;57;list('adj',''), list('red',c(950,750,1)), list('snv',''), list('sder',c(0,3,15));{'subsample': 0.8, 'n_estimators': 200, 'max_depth': 3, 'learning_rate': 0.01, 'colsample_bytree': 0.5};0.9124;0.0504;0.0242;0.0421
ratio.alpha.natif;58;list('adj',''), list('red',c(950,750,1)), list('snv',''), list('sder',c(0,3,21));{'subsample': 0.8, 'n_estimators': 200, 'max_depth': 3, 'learning_rate': 0.01, 'colsample_bytree': 0.5};0.9149;0.0557;0.0243;0.0419
ratio.alpha.natif;59;list('adj',''), list('red',c(950,750,1)), list('snv',''), list('sder',c(0,3,25));{'subsample': 0.8, 'n_estimators': 200, 'max_depth': 3, 'learning_rate': 0.01, 'colsample_bytree': 0.5};0.9159;0.0434;0.0243;0.0422
ratio.alpha.natif;60;list('adj',''), list('red',c(950,750,1)), list('snv',''), list('sder',c(0,3,31));{'subsample': 0.8, 'n_estimators': 100, 'max_depth': 7, 'learning_rate': 0.01, 'colsample_bytree': 0.5};0.9818;0.0426;0.0237;0.0422
ratio.alpha.natif;61;list('adj',''), list('red',c(950,750,1)), list('snv',''), list('sder',c(1,3,11));{'subsample': 0.7, 'n_estimators': 300, 'max_depth': 5, 'learning_rate': 0.01, 'colsample_bytree': 0.5};0.9921;0.1619;0.01;0.0395
ratio.alpha.natif;62;list('adj',''), list('red',c(950,750,1)), list('snv',''), list('sder',c(1,3,15));{'subsample': 0.7, 'n_estimators': 300, 'max_depth': 10, 'learning_rate': 0.01, 'colsample_bytree': 0.5};0.9945;0.1457;0.0088;0.0399
ratio.alpha.natif;63;list('adj',''), list('red',c(950,750,1)), list('snv',''), list('sder',c(1,3,21));{'subsample': 0.7, 'n_estimators': 300, 'max_depth': 5, 'learning_rate': 0.01, 'colsample_bytree': 0.5};0.9919;0.124;0.0102;0.0404
ratio.alpha.natif;64;list('adj',''), list('red',c(950,750,1)), list('snv',''), list('sder',c(1,3,31));{'subsample': 0.8, 'n_estimators': 300, 'max_depth': 7, 'learning_rate': 0.1, 'colsample_bytree': 0.5};1.0;0.1419;0.0004;0.04
ratio.alpha.natif;65;list('adj',''), list('red',c(950,750,1)), list('snv',''), list('sder',c(2,3,15));{'subsample': 0.8, 'n_estimators': 200, 'max_depth': 7, 'learning_rate': 0.05, 'colsample_bytree': 0.3};1.0;0.2963;0.0004;0.0362
ratio.alpha.natif;66;list('adj',''), list('red',c(1000,700,1)), list('snv',''), list('sder',c(2,3,15));{'subsample': 0.8, 'n_estimators': 300, 'max_depth': 7, 'learning_rate': 0.1, 'colsample_bytree': 0.5};1.0;0.2797;0.0003;0.0366
ratio.alpha.natif;67;list('adj',''), list('red',c(1000,750,1)), list('snv',''), list('sder',c(2,3,15));{'subsample': 0.7, 'n_estimators': 300, 'max_depth': 10, 'learning_rate': 0.1, 'colsample_bytree': 0.8};1.0;0.2728;0.0003;0.0368
ratio.alpha.natif;68;list('adj',''), list('red',c(1100,600,1)), list('snv',''), list('sder',c(1,3,15));{'subsample': 1.0, 'n_estimators': 500, 'max_depth': 5, 'learning_rate': 0.01, 'colsample_bytree': 0.3};0.999;0.1476;0.0033;0.0399
ratio.alpha.natif;69;list('adj',''), list('red',c(1100,600,1)), list('snv',''), list('sder',c(1,3,21));{'subsample': 0.7, 'n_estimators': 500, 'max_depth': 3, 'learning_rate': 0.05, 'colsample_bytree': 0.3};1.0;0.0934;0.0004;0.0411
ratio.alpha.natif;70;list('adj',''), list('red',c(1100,600,1)), list('snv',''), list('sder',c(2,3,15));{'subsample': 0.7, 'n_estimators': 500, 'max_depth': 3, 'learning_rate': 0.05, 'colsample_bytree': 0.3};1.0;0.2284;0.0004;0.0379
ratio.alpha.natif;71;list('adj',''), list('red',c(1100,600,1)), list('snv',''), list('sder',c(2,3,21));{'subsample': 0.7, 'n_estimators': 500, 'max_depth': 3, 'learning_rate': 0.05, 'colsample_bytree': 0.3};1.0;0.1656;0.0004;0.0394
ratio.alpha.natif;72;list('adj',''), list('red',c(1,1300,1)), list('sder',c(1,2,11)), list('snv','');{'subsample': 0.7, 'n_estimators': 100, 'max_depth': 7, 'learning_rate': 0.05, 'colsample_bytree': 0.3};0.9984;0.1136;0.0039;0.0406
ratio.alpha.natif;73;list('adj',''), list('red',c(1,1300,1)), list('sder',c(1,2,15)), list('snv','');{'subsample': 0.8, 'n_estimators': 500, 'max_depth': 7, 'learning_rate': 0.05, 'colsample_bytree': 0.8};1.0;0.1734;0.0004;0.0392
ratio.alpha.natif;74;list('adj',''), list('red',c(1,1300,1)), list('sder',c(1,3,15)), list('snv','');{'subsample': 0.9, 'n_estimators': 300, 'max_depth': 7, 'learning_rate': 0.05, 'colsample_bytree': 0.5};1.0;0.1601;0.0004;0.0396
ratio.alpha.natif;75;list('adj',''), list('red',c(1,1300,1)), list('sder',c(1,3,21)), list('snv','');{'subsample': 0.8, 'n_estimators': 200, 'max_depth': 7, 'learning_rate': 0.1, 'colsample_bytree': 0.8};1.0;0.1516;0.0004;0.0398
ratio.alpha.natif;76;list('adj',''), list('red',c(1,1300,1)), list('sder',c(2,3,15)), list('snv','');{'subsample': 0.8, 'n_estimators': 200, 'max_depth': 3, 'learning_rate': 0.01, 'colsample_bytree': 0.5};0.9643;0.0764;0.0203;0.0415
ratio.alpha.natif;77;list('adj',''), list('red',c(1,1300,1)), list('sder',c(2,3,21)), list('snv','');{'subsample': 0.7, 'n_estimators': 300, 'max_depth': 10, 'learning_rate': 0.1, 'colsample_bytree': 0.8};1.0;0.1733;0.0003;0.0392
ratio.alpha.natif;78;list('adj',''), list('red',c(1,1300,1)), list('snv',''), list('detr','2');{'subsample': 0.8, 'n_estimators': 200, 'max_depth': 3, 'learning_rate': 0.01, 'colsample_bytree': 0.5};0.8988;0.1505;0.0251;0.0398
ratio.alpha.natif;79;list('adj',''), list('red',c(1,1300,1)), list('snv',''), list('detr','3');{'subsample': 0.8, 'n_estimators': 200, 'max_depth': 3, 'learning_rate': 0.01, 'colsample_bytree': 0.5};0.8988;0.1505;0.0251;0.0398
ratio.alpha.natif;80;list('adj',''), list('red',c(950,750,1)), list('snv',''), list('detr','2');{'subsample': 0.8, 'n_estimators': 100, 'max_depth': 7, 'learning_rate': 0.01, 'colsample_bytree': 0.5};0.9829;0.1277;0.0232;0.0403
ratio.alpha.natif;81;list('adj',''), list('red',c(950,750,1)), list('snv',''), list('detr','2'), list('sder',c(0, 2, 21));{'subsample': 0.8, 'n_estimators': 100, 'max_depth': 7, 'learning_rate': 0.01, 'colsample_bytree': 0.5};0.9828;0.1173;0.0234;0.0406
ratio.alpha.natif;82;list('adj',''), list('red',c(950,750,1)), list('snv',''), list('detr','2'), list('sder',c(0, 2, 25));{'subsample': 0.7, 'n_estimators': 300, 'max_depth': 5, 'learning_rate': 0.01, 'colsample_bytree': 0.5};0.9883;0.1322;0.0115;0.0402
ratio.alpha.natif;83;list('adj',''), list('red',c(950,750,1)), list('snv',''), list('detr','2'), list('sder',c(0, 3, 21));{'subsample': 0.7, 'n_estimators': 300, 'max_depth': 10, 'learning_rate': 0.01, 'colsample_bytree': 0.5};0.9934;0.1174;0.0093;0.0406
ratio.alpha.natif;84;list('adj',''), list('red',c(950,750,1)), list('snv',''), list('detr','2'), list('sder',c(1, 3, 9));{'subsample': 0.9, 'n_estimators': 200, 'max_depth': 3, 'learning_rate': 0.05, 'colsample_bytree': 0.3};0.9983;0.2519;0.0033;0.0373
ratio.alpha.natif;85;list('adj',''), list('red',c(950,750,1)), list('snv',''), list('detr','2'), list('sder',c(1, 3, 15));{'subsample': 0.7, 'n_estimators': 300, 'max_depth': 5, 'learning_rate': 0.01, 'colsample_bytree': 0.5};0.9916;0.1707;0.0103;0.0393
ratio.alpha.natif;86;list('adj',''), list('red',c(1,1300,1)), list('snv',''), list('detr','2'), list('sder',c(0, 2, 21));{'subsample': 0.8, 'n_estimators': 200, 'max_depth': 3, 'learning_rate': 0.01, 'colsample_bytree': 0.5};0.9;0.142;0.025;0.04
ratio.alpha.natif;87;list('adj',''), list('red',c(1,1300,1)), list('snv',''), list('detr','2'), list('sder',c(0, 2, 25));{'subsample': 0.8, 'n_estimators': 200, 'max_depth': 3, 'learning_rate': 0.01, 'colsample_bytree': 0.5};0.8943;0.1566;0.0253;0.0396
ratio.alpha.natif;88;list('adj',''), list('red',c(1,1300,1)), list('snv',''), list('detr','2'), list('sder',c(0, 3, 21));{'subsample': 0.7, 'n_estimators': 300, 'max_depth': 5, 'learning_rate': 0.01, 'colsample_bytree': 0.5};0.9811;0.1431;0.0134;0.04
ratio.alpha.natif;89;list('adj',''), list('red',c(1,1300,1)), list('snv',''), list('detr','2'), list('sder',c(1, 3, 9));{'subsample': 1.0, 'n_estimators': 500, 'max_depth': 5, 'learning_rate': 0.01, 'colsample_bytree': 0.3};0.9994;0.2258;0.0027;0.038
ratio.alpha.natif;90;list('adj',''), list('red',c(1,1300,1)), list('snv',''), list('detr','2'), list('sder',c(1, 3, 11));{'subsample': 0.8, 'n_estimators': 200, 'max_depth': 3, 'learning_rate': 0.01, 'colsample_bytree': 0.5};0.9674;0.1472;0.02;0.0399
ratio.alpha.natif;91;list('adj',''), list('red',c(1,1300,1)), list('snv',''), list('detr','2'), list('sder',c(1, 3, 15));{'subsample': 0.9, 'n_estimators': 200, 'max_depth': 3, 'learning_rate': 0.1, 'colsample_bytree': 1.0};1.0;0.1738;0.0004;0.0392
ratio.alpha.natif;92;list('adj',''), list('red',c(1,1300,1)), list('snv',''), list('detr','2'), list('sder',c(1, 3, 21));{'subsample': 0.8, 'n_estimators': 200, 'max_depth': 7, 'learning_rate': 0.1, 'colsample_bytree': 0.8};1.0;0.1384;0.0003;0.0401
ratio.alpha.natif;93;list('adj',''), list('red',c(1,1300,1)), list('snv',''), list('detr','2'), list('sder',c(2, 3, 15));{'subsample': 0.7, 'n_estimators': 500, 'max_depth': 10, 'learning_rate': 0.1, 'colsample_bytree': 0.5};1.0;0.1535;0.0003;0.0397
ratio.alpha.natif;94;list('adj',''), list('red',c(1,1300,1)), list('snv',''), list('detr','2'), list('sder',c(2, 3, 21));{'subsample': 0.8, 'n_estimators': 300, 'max_depth': 7, 'learning_rate': 0.1, 'colsample_bytree': 0.5};1.0;0.1953;0.0003;0.0387
ratio.alpha.natif;95;list('adj',''), list('red',c(1,1300,1)), list('snv',''), list('detr','3'), list('sder',c(1, 3, 15));{'subsample': 0.9, 'n_estimators': 200, 'max_depth': 3, 'learning_rate': 0.1, 'colsample_bytree': 1.0};1.0;0.1738;0.0004;0.0392
ratio.alpha.natif;96;list('adj',''), list('red',c(1,1300,1)), list('snv',''), list('detr','3'), list('sder',c(2, 3, 21));{'subsample': 0.8, 'n_estimators': 300, 'max_depth': 7, 'learning_rate': 0.1, 'colsample_bytree': 0.5};1.0;0.1953;0.0003;0.0387
ratio.alpha.natif;97;list('adj',''), list('red',c(1,1300,1)), list('msc','');{'subsample': 0.8, 'n_estimators': 100, 'max_depth': 7, 'learning_rate': 0.01, 'colsample_bytree': 0.5};0.9758;-0.0566;0.0251;0.0444
ratio.alpha.natif;98;list('adj',''), list('red',c(950,750,1)), list('msc','');{'subsample': 0.9, 'n_estimators': 100, 'max_depth': 5, 'learning_rate': 0.01, 'colsample_bytree': 0.8};0.9161;0.068;0.0275;0.0417
ratio.alpha.natif;99;list('adj',''), list('red',c(1,1300,1)), list('msc',''), list('sder',c(0, 2, 15));{'subsample': 0.9, 'n_estimators': 100, 'max_depth': 5, 'learning_rate': 0.01, 'colsample_bytree': 0.8};0.9297;-0.0363;0.0277;0.0439
ratio.alpha.natif;100;list('adj',''), list('red',c(1,1300,1)), list('msc',''), list('sder',c(0, 3, 21));{'subsample': 0.8, 'n_estimators': 100, 'max_depth': 7, 'learning_rate': 0.01, 'colsample_bytree': 0.5};0.9722;-0.0426;0.0254;0.0441
ratio.alpha.natif;101;list('adj',''), list('red',c(1,1300,1)), list('msc',''), list('sder',c(1, 2, 5));{'subsample': 0.7, 'n_estimators': 300, 'max_depth': 10, 'learning_rate': 0.01, 'colsample_bytree': 0.5};0.9948;0.1577;0.0088;0.0396
ratio.alpha.natif;102;list('adj',''), list('red',c(1,1300,1)), list('msc',''), list('sder',c(1, 2, 11));{'subsample': 0.7, 'n_estimators': 100, 'max_depth': 7, 'learning_rate': 0.05, 'colsample_bytree': 0.3};0.9984;0.1867;0.0039;0.0389
ratio.alpha.natif;103;list('adj',''), list('red',c(1,1300,1)), list('msc',''), list('sder',c(1, 2, 15));{'subsample': 0.7, 'n_estimators': 500, 'max_depth': 3, 'learning_rate': 0.05, 'colsample_bytree': 0.3};1.0;0.1581;0.0004;0.0396
ratio.alpha.natif;104;list('adj',''), list('red',c(1,1300,1)), list('msc',''), list('sder',c(1, 2, 21));{'subsample': 0.8, 'n_estimators': 500, 'max_depth': 3, 'learning_rate': 0.01, 'colsample_bytree': 0.8};0.9871;0.2295;0.0097;0.0379
ratio.alpha.natif;105;list('adj',''), list('red',c(1,1300,1)), list('msc',''), list('sder',c(1, 2, 31));{'subsample': 0.7, 'n_estimators': 300, 'max_depth': 5, 'learning_rate': 0.01, 'colsample_bytree': 0.5};0.9893;0.1981;0.0112;0.0387
ratio.alpha.natif;106;list('adj',''), list('red',c(1,1300,1)), list('msc',''), list('sder',c(1, 3, 5));{'subsample': 0.7, 'n_estimators': 500, 'max_depth': 3, 'learning_rate': 0.05, 'colsample_bytree': 0.3};1.0;0.1742;0.0003;0.0392
ratio.alpha.natif;107;list('adj',''), list('red',c(1,1300,1)), list('msc',''), list('sder',c(1, 3, 11));{'subsample': 0.9, 'n_estimators': 300, 'max_depth': 7, 'learning_rate': 0.05, 'colsample_bytree': 0.8};1.0;0.1958;0.0003;0.0387
ratio.alpha.natif;108;list('adj',''), list('red',c(1,1300,1)), list('msc',''), list('sder',c(1, 3, 15));{'subsample': 0.7, 'n_estimators': 300, 'max_depth': 10, 'learning_rate': 0.01, 'colsample_bytree': 0.5};0.995;0.1326;0.0088;0.0402
ratio.alpha.natif;109;list('adj',''), list('red',c(1,1300,1)), list('msc',''), list('sder',c(1, 3, 21));{'subsample': 0.9, 'n_estimators': 200, 'max_depth': 3, 'learning_rate': 0.05, 'colsample_bytree': 0.3};0.9987;0.1748;0.0031;0.0392
ratio.alpha.natif;110;list('adj',''), list('red',c(1,1300,1)), list('msc',''), list('sder',c(1, 3, 31));{'subsample': 0.9, 'n_estimators': 200, 'max_depth': 3, 'learning_rate': 0.05, 'colsample_bytree': 0.3};0.9983;0.2267;0.0032;0.038
ratio.alpha.natif;111;list('adj',''), list('red',c(1,1300,1)), list('msc',''), list('sder',c(2, 2, 11));{'subsample': 0.9, 'n_estimators': 300, 'max_depth': 7, 'learning_rate': 0.05, 'colsample_bytree': 0.8};1.0;0.2918;0.0003;0.0363
ratio.alpha.natif;112;list('adj',''), list('red',c(1,1300,1)), list('msc',''), list('sder',c(2, 2, 15));{'subsample': 0.7, 'n_estimators': 100, 'max_depth': 7, 'learning_rate': 0.05, 'colsample_bytree': 0.3};0.9985;0.1291;0.0037;0.0403
ratio.alpha.natif;113;list('adj',''), list('red',c(1,1300,1)), list('msc',''), list('sder',c(2, 2, 21));{'subsample': 0.8, 'n_estimators': 200, 'max_depth': 7, 'learning_rate': 0.05, 'colsample_bytree': 0.3};1.0;0.1792;0.0004;0.0391
ratio.alpha.natif;114;list('adj',''), list('red',c(1,1300,1)), list('msc',''), list('sder',c(2, 2, 31));{'subsample': 0.7, 'n_estimators': 300, 'max_depth': 10, 'learning_rate': 0.1, 'colsample_bytree': 0.8};1.0;0.2174;0.0003;0.0382
ratio.alpha.natif;115;list('adj',''), list('red',c(1,1300,1)), list('msc',''), list('sder',c(2, 3, 11));{'subsample': 0.8, 'n_estimators': 200, 'max_depth': 7, 'learning_rate': 0.1, 'colsample_bytree': 0.8};1.0;0.2914;0.0003;0.0363
ratio.alpha.natif;116;list('adj',''), list('red',c(1,1300,1)), list('msc',''), list('sder',c(2, 3, 15));{'subsample': 0.7, 'n_estimators': 100, 'max_depth': 7, 'learning_rate': 0.05, 'colsample_bytree': 0.3};0.9986;0.1298;0.0037;0.0403
ratio.alpha.natif;117;list('adj',''), list('red',c(1,1300,1)), list('msc',''), list('sder',c(2, 3, 21));{'subsample': 0.7, 'n_estimators': 500, 'max_depth': 3, 'learning_rate': 0.05, 'colsample_bytree': 0.3};1.0;0.1854;0.0003;0.039
ratio.alpha.natif;118;list('adj',''), list('red',c(1,1300,1)), list('msc',''), list('sder',c(2, 3, 31));{'subsample': 0.8, 'n_estimators': 500, 'max_depth': 3, 'learning_rate': 0.1, 'colsample_bytree': 0.8};1.0;0.2359;0.0003;0.0377
ratio.alpha.natif;119;list('adj',''), list('red',c(950,750,1)), list('msc',''), list('sder',c(1,3,15));{'subsample': 0.8, 'n_estimators': 100, 'max_depth': 7, 'learning_rate': 0.01, 'colsample_bytree': 0.5};0.9846;0.0749;0.0228;0.0415
ratio.alpha.natif;120;list('adj',''), list('red',c(950,750,1)), list('msc',''), list('sder',c(1,3,21));{'subsample': 0.8, 'n_estimators': 100, 'max_depth': 7, 'learning_rate': 0.01, 'colsample_bytree': 0.5};0.9844;0.0982;0.0229;0.041
ratio.alpha.natif;121;list('adj',''), list('red',c(1,1300,1)), list('sder',c(1,3,15)), list('msc','');{'subsample': 0.7, 'n_estimators': 300, 'max_depth': 10, 'learning_rate': 0.01, 'colsample_bytree': 0.5};0.995;0.1326;0.0088;0.0402
ratio.alpha.natif;122;list('adj',''), list('red',c(1,1300,1)), list('sder',c(2,3,15)), list('msc','');{'subsample': 0.7, 'n_estimators': 100, 'max_depth': 7, 'learning_rate': 0.05, 'colsample_bytree': 0.3};0.9986;0.1298;0.0037;0.0403
ratio.alpha.natif;123;list('adj',''), list('red',c(1,1300,1)), list('msc',''), list('detr','2');{'subsample': 0.9, 'n_estimators': 100, 'max_depth': 5, 'learning_rate': 0.01, 'colsample_bytree': 0.8};0.9609;0.0569;0.0254;0.0419
ratio.alpha.natif;124;list('adj',''), list('red',c(1,1300,1)), list('msc',''), list('detr','3');{'subsample': 0.9, 'n_estimators': 100, 'max_depth': 5, 'learning_rate': 0.01, 'colsample_bytree': 0.8};0.9609;0.0569;0.0254;0.0419
ratio.alpha.natif;125;list('adj',''), list('red',c(1,1300,1)), list('msc',''), list('detr','2'), list('sder',c(1,3,15));{'subsample': 0.8, 'n_estimators': 500, 'max_depth': 3, 'learning_rate': 0.1, 'colsample_bytree': 0.8};1.0;0.1564;0.0003;0.0396
ratio.alpha.natif;126;list('adj',''), list('red',c(1,1300,1)), list('msc',''), list('detr','2'), list('sder',c(2,3,15));{'subsample': 0.7, 'n_estimators': 300, 'max_depth': 5, 'learning_rate': 0.01, 'colsample_bytree': 0.5};0.9941;0.1304;0.0098;0.0403
ratio.alpha.natif;127;list('adj',''), list('red',c(1,1300,1)), list('msc',''), list('detr','3'), list('sder',c(2,4,31));{'subsample': 0.7, 'n_estimators': 300, 'max_depth': 10, 'learning_rate': 0.1, 'colsample_bytree': 0.8};1.0;0.2174;0.0003;0.0382
ratio.alpha.natif;128;list('adj',''), list('ref2abs',''), list('red',c(1,1300,1));{'subsample': 0.8, 'n_estimators': 100, 'max_depth': 7, 'learning_rate': 0.01, 'colsample_bytree': 0.5};0.9767;-0.0582;0.0249;0.0444
ratio.alpha.natif;129;list('adj',''), list('ref2abs',''), list('red',c(1,1300,1)), list('snv','');{'subsample': 0.9, 'n_estimators': 100, 'max_depth': 5, 'learning_rate': 0.01, 'colsample_bytree': 0.8};0.9516;-0.01;0.0274;0.0434
ratio.alpha.natif;130;list('adj',''), list('ref2abs',''), list('red',c(950,750,1)), list('snv','');{'subsample': 0.8, 'n_estimators': 100, 'max_depth': 7, 'learning_rate': 0.01, 'colsample_bytree': 0.5};0.9823;0.0821;0.0234;0.0414
ratio.alpha.natif;131;list('adj',''), list('ref2abs',''), list('red',c(1,1300,1)), list('snv',''), list('sder',c(0, 2, 21));{'subsample': 0.9, 'n_estimators': 100, 'max_depth': 5, 'learning_rate': 0.01, 'colsample_bytree': 0.8};0.9413;-0.0696;0.0288;0.0446
ratio.alpha.natif;132;list('adj',''), list('ref2abs',''), list('red',c(1,1300,1)), list('snv',''), list('sder',c(0, 2, 25));{'subsample': 0.9, 'n_estimators': 100, 'max_depth': 5, 'learning_rate': 0.01, 'colsample_bytree': 0.8};0.9443;-0.0766;0.0286;0.0448
ratio.alpha.natif;133;list('adj',''), list('ref2abs',''), list('red',c(1,1300,1)), list('snv',''), list('sder',c(0, 2, 27));{'subsample': 0.9, 'n_estimators': 100, 'max_depth': 5, 'learning_rate': 0.01, 'colsample_bytree': 0.8};0.9361;-0.0676;0.0287;0.0446
ratio.alpha.natif;134;list('adj',''), list('ref2abs',''), list('red',c(1,1300,1)), list('snv',''), list('sder',c(0, 2, 31));{'subsample': 0.9, 'n_estimators': 100, 'max_depth': 5, 'learning_rate': 0.01, 'colsample_bytree': 0.8};0.9426;-0.0708;0.0288;0.0447
ratio.alpha.natif;135;list('adj',''), list('ref2abs',''), list('red',c(1,1300,1)), list('snv',''), list('sder',c(0, 3, 15));{'subsample': 0.8, 'n_estimators': 100, 'max_depth': 7, 'learning_rate': 0.01, 'colsample_bytree': 0.5};0.9742;-0.0859;0.0255;0.045
ratio.alpha.natif;136;list('adj',''), list('ref2abs',''), list('red',c(1,1300,1)), list('snv',''), list('sder',c(0, 3, 17));{'subsample': 0.8, 'n_estimators': 100, 'max_depth': 7, 'learning_rate': 0.01, 'colsample_bytree': 0.5};0.9743;-0.0843;0.0255;0.045
ratio.alpha.natif;137;list('adj',''), list('ref2abs',''), list('red',c(1,1300,1)), list('snv',''), list('sder',c(0, 3, 19));{'subsample': 0.9, 'n_estimators': 100, 'max_depth': 5, 'learning_rate': 0.01, 'colsample_bytree': 0.8};0.9427;-0.0552;0.029;0.0443
ratio.alpha.natif;138;list('adj',''), list('ref2abs',''), list('red',c(1,1300,1)), list('snv',''), list('sder',c(0, 3, 21));{'subsample': 0.9, 'n_estimators': 100, 'max_depth': 5, 'learning_rate': 0.01, 'colsample_bytree': 0.8};0.9448;-0.0666;0.0287;0.0446
ratio.alpha.natif;139;list('adj',''), list('ref2abs',''), list('red',c(1,1300,1)), list('snv',''), list('sder',c(0,3,31));{'subsample': 0.9, 'n_estimators': 100, 'max_depth': 5, 'learning_rate': 0.01, 'colsample_bytree': 0.8};0.9422;-0.077;0.0288;0.0448
ratio.alpha.natif;140;list('adj',''), list('ref2abs',''), list('red',c(1,1300,1)), list('snv',''), list('sder',c(1,2,11));{'subsample': 1.0, 'n_estimators': 500, 'max_depth': 10, 'learning_rate': 0.1, 'colsample_bytree': 0.5};1.0;0.1909;0.0004;0.0388
ratio.alpha.natif;141;list('adj',''), list('ref2abs',''), list('red',c(1,1300,1)), list('snv',''), list('sder',c(1,3,15));{'subsample': 0.8, 'n_estimators': 500, 'max_depth': 3, 'learning_rate': 0.01, 'colsample_bytree': 0.8};0.991;0.1748;0.0089;0.0392
ratio.alpha.natif;142;list('adj',''), list('ref2abs',''), list('red',c(1,1300,1)), list('snv',''), list('sder',c(1,3,21));{'subsample': 0.9, 'n_estimators': 200, 'max_depth': 3, 'learning_rate': 0.05, 'colsample_bytree': 0.3};0.9989;0.1993;0.0028;0.0386
ratio.alpha.natif;143;list('adj',''), list('ref2abs',''), list('red',c(1,1300,1)), list('snv',''), list('sder',c(2,3,15));{'subsample': 0.9, 'n_estimators': 100, 'max_depth': 10, 'learning_rate': 0.05, 'colsample_bytree': 0.5};0.9997;0.1286;0.0017;0.0403
ratio.alpha.natif;144;list('adj',''), list('ref2abs',''), list('red',c(1,1300,1)), list('snv',''), list('sder',c(2,3,21));{'subsample': 0.8, 'n_estimators': 200, 'max_depth': 7, 'learning_rate': 0.05, 'colsample_bytree': 0.3};1.0;0.178;0.0004;0.0391
ratio.alpha.natif;145;list('adj',''), list('ref2abs',''), list('red',c(1,1300,1)), list('snv',''), list('sder',c(1,3,15));{'subsample': 0.8, 'n_estimators': 500, 'max_depth': 3, 'learning_rate': 0.01, 'colsample_bytree': 0.8};0.991;0.1748;0.0089;0.0392
ratio.alpha.natif;146;list('adj',''), list('ref2abs',''), list('red',c(1,1300,1)), list('snv',''), list('sder',c(1,3,25));{'subsample': 1.0, 'n_estimators': 500, 'max_depth': 5, 'learning_rate': 0.01, 'colsample_bytree': 0.3};0.9992;0.2595;0.0029;0.0371
ratio.alpha.natif;147;list('adj',''), list('ref2abs',''), list('red',c(1,1300,1)), list('snv',''), list('sder',c(1,3,31));{'subsample': 0.9, 'n_estimators': 200, 'max_depth': 10, 'learning_rate': 0.05, 'colsample_bytree': 1.0};1.0;0.2218;0.0004;0.0381
ratio.alpha.natif;148;list('adj',''), list('ref2abs',''), list('red',c(1,1300,1)), list('snv',''), list('sder',c(2,3,21));{'subsample': 0.8, 'n_estimators': 200, 'max_depth': 7, 'learning_rate': 0.05, 'colsample_bytree': 0.3};1.0;0.178;0.0004;0.0391
ratio.alpha.natif;149;list('adj',''), list('ref2abs',''), list('red',c(950,750,1)), list('snv',''), list('sder',c(0, 2, 21));{'subsample': 0.8, 'n_estimators': 100, 'max_depth': 7, 'learning_rate': 0.01, 'colsample_bytree': 0.5};0.9815;0.0783;0.0236;0.0414
ratio.alpha.natif;150;list('adj',''), list('ref2abs',''), list('red',c(950,750,1)), list('snv',''), list('sder',c(0, 2, 25));{'subsample': 0.8, 'n_estimators': 100, 'max_depth': 7, 'learning_rate': 0.01, 'colsample_bytree': 0.5};0.9814;0.0747;0.0235;0.0415
ratio.alpha.natif;151;list('adj',''), list('ref2abs',''), list('red',c(950,750,1)), list('snv',''), list('sder',c(0, 2, 27));{'subsample': 0.8, 'n_estimators': 100, 'max_depth': 7, 'learning_rate': 0.01, 'colsample_bytree': 0.5};0.9827;0.0807;0.0234;0.0414
ratio.alpha.natif;152;list('adj',''), list('ref2abs',''), list('red',c(950,750,1)), list('snv',''), list('sder',c(0, 2, 31));{'subsample': 0.8, 'n_estimators': 100, 'max_depth': 7, 'learning_rate': 0.01, 'colsample_bytree': 0.5};0.9823;0.0785;0.0234;0.0414
ratio.alpha.natif;153;list('adj',''), list('ref2abs',''), list('red',c(950,750,1)), list('snv',''), list('sder',c(0, 3, 15));{'subsample': 0.8, 'n_estimators': 100, 'max_depth': 7, 'learning_rate': 0.01, 'colsample_bytree': 0.5};0.9816;0.084;0.0234;0.0413
ratio.alpha.natif;154;list('adj',''), list('ref2abs',''), list('red',c(950,750,1)), list('snv',''), list('sder',c(0, 3, 17));{'subsample': 0.8, 'n_estimators': 100, 'max_depth': 7, 'learning_rate': 0.01, 'colsample_bytree': 0.5};0.9813;0.0871;0.0235;0.0412
ratio.alpha.natif;155;list('adj',''), list('ref2abs',''), list('red',c(950,750,1)), list('snv',''), list('sder',c(0, 3, 19));{'subsample': 0.8, 'n_estimators': 100, 'max_depth': 7, 'learning_rate': 0.01, 'colsample_bytree': 0.5};0.9803;0.082;0.0235;0.0414
ratio.alpha.natif;156;list('adj',''), list('ref2abs',''), list('red',c(950,750,1)), list('snv',''), list('sder',c(0, 3, 21));{'subsample': 0.9, 'n_estimators': 100, 'max_depth': 5, 'learning_rate': 0.01, 'colsample_bytree': 0.8};0.9758;0.0728;0.0238;0.0416
ratio.alpha.natif;157;list('adj',''), list('ref2abs',''), list('red',c(950,750,1)), list('snv',''), list('sder',c(0,3,31));{'subsample': 0.8, 'n_estimators': 100, 'max_depth': 7, 'learning_rate': 0.01, 'colsample_bytree': 0.5};0.9823;0.0771;0.0235;0.0415
ratio.alpha.natif;158;list('adj',''), list('ref2abs',''), list('red',c(950,750,1)), list('snv',''), list('sder',c(1,3,15));{'subsample': 0.7, 'n_estimators': 300, 'max_depth': 5, 'learning_rate': 0.01, 'colsample_bytree': 0.5};0.993;0.2211;0.0097;0.0381
ratio.alpha.natif;159;list('adj',''), list('ref2abs',''), list('red',c(950,750,1)), list('snv',''), list('sder',c(1,3,25));{'subsample': 0.7, 'n_estimators': 300, 'max_depth': 5, 'learning_rate': 0.01, 'colsample_bytree': 0.5};0.9922;0.1803;0.0101;0.0391
ratio.alpha.natif;160;list('adj',''), list('ref2abs',''), list('red',c(950,750,1)), list('snv',''), list('sder',c(1,3,31));{'subsample': 0.7, 'n_estimators': 300, 'max_depth': 5, 'learning_rate': 0.01, 'colsample_bytree': 0.5};0.991;0.1444;0.0106;0.0399
ratio.alpha.natif;161;list('adj',''), list('ref2abs',''), list('red',c(950,750,1)), list('snv',''), list('sder',c(2,3,21));{'subsample': 0.8, 'n_estimators': 200, 'max_depth': 7, 'learning_rate': 0.05, 'colsample_bytree': 0.3};1.0;0.2608;0.0004;0.0371
ratio.alpha.natif;162;list('adj',''), list('ref2abs',''), list('red',c(1,1300,1)), list('snv',''), list('detr','2');{'subsample': 0.9, 'n_estimators': 100, 'max_depth': 5, 'learning_rate': 0.01, 'colsample_bytree': 0.8};0.9373;0.1293;0.0257;0.0403
ratio.alpha.natif;163;list('adj',''), list('ref2abs',''), list('red',c(950,750,1)), list('snv',''), list('detr','2');{'subsample': 0.9, 'n_estimators': 100, 'max_depth': 5, 'learning_rate': 0.01, 'colsample_bytree': 0.8};0.9764;0.1777;0.0227;0.0391
ratio.alpha.natif;164;list('adj',''), list('ref2abs',''), list('red',c(950,750,1)), list('snv',''), list('detr','2'), list('sder',c(0, 3, 21));{'subsample': 0.8, 'n_estimators': 200, 'max_depth': 3, 'learning_rate': 0.01, 'colsample_bytree': 0.5};0.9352;0.1887;0.0216;0.0389
ratio.alpha.natif;165;list('adj',''), list('ref2abs',''), list('red',c(1,1300,1)), list('snv',''), list('detr','2'), list('sder',c(0, 3, 21));{'subsample': 0.9, 'n_estimators': 100, 'max_depth': 5, 'learning_rate': 0.01, 'colsample_bytree': 0.8};0.9308;0.1063;0.026;0.0408
ratio.alpha.natif;166;list('adj',''), list('ref2abs',''), list('red',c(1,1300,1)), list('snv',''), list('detr','2'), list('sder',c(1,3,15));{'subsample': 0.7, 'n_estimators': 200, 'max_depth': 5, 'learning_rate': 0.1, 'colsample_bytree': 0.5};1.0;0.2406;0.0003;0.0376
ratio.alpha.natif;167;list('adj',''), list('ref2abs',''), list('red',c(1,1300,1)), list('snv',''), list('detr','2'), list('sder',c(2,3,15));{'subsample': 0.9, 'n_estimators': 100, 'max_depth': 10, 'learning_rate': 0.05, 'colsample_bytree': 0.5};0.9997;0.1321;0.0017;0.0402
ratio.alpha.natif;168;list('adj',''), list('ref2abs',''), list('red',c(1,1300,1)), list('msc','');{'subsample': 0.8, 'n_estimators': 100, 'max_depth': 7, 'learning_rate': 0.01, 'colsample_bytree': 0.5};0.9767;-0.0582;0.0249;0.0444
ratio.alpha.natif;169;list('adj',''), list('ref2abs',''), list('red',c(950,750,1)), list('msc','');{'subsample': 0.9, 'n_estimators': 100, 'max_depth': 5, 'learning_rate': 0.01, 'colsample_bytree': 0.8};0.916;0.0736;0.0275;0.0415
ratio.alpha.natif;170;list('adj',''), list('ref2abs',''), list('red',c(1,1300,1)), list('msc',''), list('sder',c(1,3,15));{'subsample': 0.9, 'n_estimators': 500, 'max_depth': 5, 'learning_rate': 0.2, 'colsample_bytree': 0.8};1.0;0.1271;0.0003;0.0403
ratio.alpha.natif;171;list('adj',''), list('ref2abs',''), list('red',c(1,1300,1)), list('msc',''), list('sder',c(2,3,15));{'subsample': 0.7, 'n_estimators': 300, 'max_depth': 5, 'learning_rate': 0.01, 'colsample_bytree': 0.5};0.9943;0.1131;0.01;0.0407
ratio.alpha.natif;172;list('snv',''),list('sder',c(1,3,9)),list('red',c(10,10,1));{'subsample': 0.8, 'n_estimators': 200, 'max_depth': 7, 'learning_rate': 0.05, 'colsample_bytree': 0.3};1.0;0.2389;0.0004;0.0377
ratio.alpha.natif;173;list('adj',''), list('red',c(1,1300,1)), list('sder',c(2,4,21)), list('snv','');{'subsample': 0.8, 'n_estimators': 200, 'max_depth': 7, 'learning_rate': 0.05, 'colsample_bytree': 0.3};1.0;0.159;0.0004;0.0396
ratio.alpha.natif;174;list('adj',''), list('red',c(1,1300,1)), list('snv',''), list('detr','3'), list('sder',c(2,4,25));{'subsample': 0.9, 'n_estimators': 300, 'max_depth': 7, 'learning_rate': 0.05, 'colsample_bytree': 0.5};1.0;0.1506;0.0003;0.0398
ratio.alpha.natif;175;list('adj',''), list('ref2abs',''), list('red',c(1,1300,1)), list('sder',c(1,3,31)), list('snv','');{'subsample': 0.7, 'n_estimators': 300, 'max_depth': 10, 'learning_rate': 0.1, 'colsample_bytree': 0.8};1.0;0.184;0.0003;0.039
